id,name,category,price,stock
1,electronics-1,electronics,1.37,7
2,clothing-2,clothing,2.74,14
3,books-3,books,4.11,21
4,home-4,home,5.48,28
5,toys-5,toys,6.85,35
6,food-6,food,8.22,42
7,electronics-7,electronics,9.59,49
8,clothing-8,clothing,10.96,56
9,books-9,books,12.33,63
10,home-10,home,13.70,70
11,toys-11,toys,15.07,77
12,food-12,food,16.44,84
13,electronics-13,electronics,17.81,91
14,clothing-14,clothing,19.18,98
15,books-15,books,20.55,105
16,home-16,home,21.92,112
17,toys-17,toys,23.29,119
18,food-18,food,24.66,126
19,electronics-19,electronics,26.03,133
20,clothing-20,clothing,27.40,140
21,books-21,books,28.77,147
22,home-22,home,30.14,154
23,toys-23,toys,31.51,161
24,food-24,food,32.88,168
25,electronics-25,electronics,34.25,175
26,clothing-26,clothing,35.62,182
27,books-27,books,36.99,189
28,home-28,home,38.36,196
29,toys-29,toys,39.73,203
30,food-30,food,41.10,210
31,electronics-31,electronics,42.47,217
32,clothing-32,clothing,43.84,224
33,books-33,books,45.21,231
34,home-34,home,46.58,238
35,toys-35,toys,47.95,245
36,food-36,food,49.32,252
37,electronics-37,electronics,50.69,259
38,clothing-38,clothing,52.06,266
39,books-39,books,53.43,273
40,home-40,home,54.80,280
41,toys-41,toys,56.17,287
42,food-42,food,57.54,294
43,electronics-43,electronics,58.91,301
44,clothing-44,clothing,60.28,308
45,books-45,books,61.65,315
46,home-46,home,63.02,322
47,toys-47,toys,64.39,329
48,food-48,food,65.76,336
49,electronics-49,electronics,67.13,343
50,clothing-50,clothing,68.50,350
51,books-51,books,69.87,357
52,home-52,home,71.24,364
53,toys-53,toys,72.61,371
54,food-54,food,73.98,378
55,electronics-55,electronics,75.35,385
56,clothing-56,clothing,76.72,392
57,books-57,books,78.09,399
58,home-58,home,79.46,406
59,toys-59,toys,80.83,413
60,food-60,food,82.20,420
61,electronics-61,electronics,83.57,427
62,clothing-62,clothing,84.94,434
63,books-63,books,86.31,441
64,home-64,home,87.68,448
65,toys-65,toys,89.05,455
66,food-66,food,90.42,462
67,electronics-67,electronics,91.79,469
68,clothing-68,clothing,93.16,476
69,books-69,books,94.53,483
70,home-70,home,95.90,490
71,toys-71,toys,97.27,497
72,food-72,food,98.64,3
73,electronics-73,electronics,0.01,10
74,clothing-74,clothing,1.38,17
75,books-75,books,2.75,24
76,home-76,home,4.12,31
77,toys-77,toys,5.49,38
78,food-78,food,6.86,45
79,electronics-79,electronics,8.23,52
80,clothing-80,clothing,9.60,59
81,books-81,books,10.97,66
82,home-82,home,12.34,73
83,toys-83,toys,13.71,80
84,food-84,food,15.08,87
85,electronics-85,electronics,16.45,94
86,clothing-86,clothing,17.82,101
87,books-87,books,19.19,108
88,home-88,home,20.56,115
89,toys-89,toys,21.93,122
90,food-90,food,23.30,129
91,electronics-91,electronics,24.67,136
92,clothing-92,clothing,26.04,143
93,books-93,books,27.41,150
94,home-94,home,28.78,157
95,toys-95,toys,30.15,164
96,food-96,food,31.52,171
97,electronics-97,electronics,32.89,178
98,clothing-98,clothing,34.26,185
99,books-99,books,35.63,192
100,home-100,home,37.00,199
101,toys-101,toys,38.37,206
102,food-102,food,39.74,213
103,electronics-103,electronics,41.11,220
104,clothing-104,clothing,42.48,227
105,books-105,books,43.85,234
106,home-106,home,45.22,241
107,toys-107,toys,46.59,248
108,food-108,food,47.96,255
109,electronics-109,electronics,49.33,262
110,clothing-110,clothing,50.70,269
111,books-111,books,52.07,276
112,home-112,home,53.44,283
113,toys-113,toys,54.81,290
114,food-114,food,56.18,297
115,electronics-115,electronics,57.55,304
116,clothing-116,clothing,58.92,311
117,books-117,books,60.29,318
118,home-118,home,61.66,325
119,toys-119,toys,63.03,332
120,food-120,food,64.40,339
121,electronics-121,electronics,65.77,346
122,clothing-122,clothing,67.14,353
123,books-123,books,68.51,360
124,home-124,home,69.88,367
125,toys-125,toys,71.25,374
126,food-126,food,72.62,381
127,electronics-127,electronics,73.99,388
128,clothing-128,clothing,75.36,395
129,books-129,books,76.73,402
130,home-130,home,78.10,409
131,toys-131,toys,79.47,416
132,food-132,food,80.84,423
133,electronics-133,electronics,82.21,430
134,clothing-134,clothing,83.58,437
135,books-135,books,84.95,444
136,home-136,home,86.32,451
137,toys-137,toys,87.69,458
138,food-138,food,89.06,465
139,electronics-139,electronics,90.43,472
140,clothing-140,clothing,91.80,479
141,books-141,books,93.17,486
142,home-142,home,94.54,493
143,toys-143,toys,95.91,500
144,food-144,food,97.28,6
145,electronics-145,electronics,98.65,13
146,clothing-146,clothing,0.02,20
147,books-147,books,1.39,27
148,home-148,home,2.76,34
149,toys-149,toys,4.13,41
150,food-150,food,5.50,48
151,electronics-151,electronics,6.87,55
152,clothing-152,clothing,8.24,62
153,books-153,books,9.61,69
154,home-154,home,10.98,76
155,toys-155,toys,12.35,83
156,food-156,food,13.72,90
157,electronics-157,electronics,15.09,97
158,clothing-158,clothing,16.46,104
159,books-159,books,17.83,111
160,home-160,home,19.20,118
161,toys-161,toys,20.57,125
162,food-162,food,21.94,132
163,electronics-163,electronics,23.31,139
164,clothing-164,clothing,24.68,146
165,books-165,books,26.05,153
166,home-166,home,27.42,160
167,toys-167,toys,28.79,167
168,food-168,food,30.16,174
169,electronics-169,electronics,31.53,181
170,clothing-170,clothing,32.90,188
171,books-171,books,34.27,195
172,home-172,home,35.64,202
173,toys-173,toys,37.01,209
174,food-174,food,38.38,216
175,electronics-175,electronics,39.75,223
176,clothing-176,clothing,41.12,230
177,books-177,books,42.49,237
178,home-178,home,43.86,244
179,toys-179,toys,45.23,251
180,food-180,food,46.60,258
181,electronics-181,electronics,47.97,265
182,clothing-182,clothing,49.34,272
183,books-183,books,50.71,279
184,home-184,home,52.08,286
185,toys-185,toys,53.45,293
186,food-186,food,54.82,300
187,electronics-187,electronics,56.19,307
188,clothing-188,clothing,57.56,314
189,books-189,books,58.93,321
190,home-190,home,60.30,328
191,toys-191,toys,61.67,335
192,food-192,food,63.04,342
193,electronics-193,electronics,64.41,349
194,clothing-194,clothing,65.78,356
195,books-195,books,67.15,363
196,home-196,home,68.52,370
197,toys-197,toys,69.89,377
198,food-198,food,71.26,384
199,electronics-199,electronics,72.63,391
200,clothing-200,clothing,74.00,398
201,books-201,books,75.37,405
202,home-202,home,76.74,412
203,toys-203,toys,78.11,419
204,food-204,food,79.48,426
205,electronics-205,electronics,80.85,433
206,clothing-206,clothing,82.22,440
207,books-207,books,83.59,447
208,home-208,home,84.96,454
209,toys-209,toys,86.33,461
210,food-210,food,87.70,468
211,electronics-211,electronics,89.07,475
212,clothing-212,clothing,90.44,482
213,books-213,books,91.81,489
214,home-214,home,93.18,496
215,toys-215,toys,94.55,2
216,food-216,food,95.92,9
217,electronics-217,electronics,97.29,16
218,clothing-218,clothing,98.66,23
219,books-219,books,0.03,30
220,home-220,home,1.40,37
221,toys-221,toys,2.77,44
222,food-222,food,4.14,51
223,electronics-223,electronics,5.51,58
224,clothing-224,clothing,6.88,65
225,books-225,books,8.25,72
226,home-226,home,9.62,79
227,toys-227,toys,10.99,86
228,food-228,food,12.36,93
229,electronics-229,electronics,13.73,100
230,clothing-230,clothing,15.10,107
231,books-231,books,16.47,114
232,home-232,home,17.84,121
233,toys-233,toys,19.21,128
234,food-234,food,20.58,135
235,electronics-235,electronics,21.95,142
236,clothing-236,clothing,23.32,149
237,books-237,books,24.69,156
238,home-238,home,26.06,163
239,toys-239,toys,27.43,170
240,food-240,food,28.80,177
241,electronics-241,electronics,30.17,184
242,clothing-242,clothing,31.54,191
243,books-243,books,32.91,198
244,home-244,home,34.28,205
245,toys-245,toys,35.65,212
246,food-246,food,37.02,219
247,electronics-247,electronics,38.39,226
248,clothing-248,clothing,39.76,233
249,books-249,books,41.13,240
250,home-250,home,42.50,247
251,toys-251,toys,43.87,254
252,food-252,food,45.24,261
253,electronics-253,electronics,46.61,268
254,clothing-254,clothing,47.98,275
255,books-255,books,49.35,282
256,home-256,home,50.72,289
257,toys-257,toys,52.09,296
258,food-258,food,53.46,303
259,electronics-259,electronics,54.83,310
260,clothing-260,clothing,56.20,317
261,books-261,books,57.57,324
262,home-262,home,58.94,331
263,toys-263,toys,60.31,338
264,food-264,food,61.68,345
265,electronics-265,electronics,63.05,352
266,clothing-266,clothing,64.42,359
267,books-267,books,65.79,366
268,home-268,home,67.16,373
269,toys-269,toys,68.53,380
270,food-270,food,69.90,387
271,electronics-271,electronics,71.27,394
272,clothing-272,clothing,72.64,401
273,books-273,books,74.01,408
274,home-274,home,75.38,415
275,toys-275,toys,76.75,422
276,food-276,food,78.12,429
277,electronics-277,electronics,79.49,436
278,clothing-278,clothing,80.86,443
279,books-279,books,82.23,450
280,home-280,home,83.60,457
281,toys-281,toys,84.97,464
282,food-282,food,86.34,471
283,electronics-283,electronics,87.71,478
284,clothing-284,clothing,89.08,485
285,books-285,books,90.45,492
286,home-286,home,91.82,499
287,toys-287,toys,93.19,5
288,food-288,food,94.56,12
289,electronics-289,electronics,95.93,19
290,clothing-290,clothing,97.30,26
291,books-291,books,98.67,33
292,home-292,home,0.04,40
293,toys-293,toys,1.41,47
294,food-294,food,2.78,54
295,electronics-295,electronics,4.15,61
296,clothing-296,clothing,5.52,68
297,books-297,books,6.89,75
298,home-298,home,8.26,82
299,toys-299,toys,9.63,89
300,food-300,food,11.00,96
301,electronics-301,electronics,12.37,103
302,clothing-302,clothing,13.74,110
303,books-303,books,15.11,117
304,home-304,home,16.48,124
305,toys-305,toys,17.85,131
306,food-306,food,19.22,138
307,electronics-307,electronics,20.59,145
308,clothing-308,clothing,21.96,152
309,books-309,books,23.33,159
310,home-310,home,24.70,166
311,toys-311,toys,26.07,173
312,food-312,food,27.44,180
313,electronics-313,electronics,28.81,187
314,clothing-314,clothing,30.18,194
315,books-315,books,31.55,201
316,home-316,home,32.92,208
317,toys-317,toys,34.29,215
318,food-318,food,35.66,222
319,electronics-319,electronics,37.03,229
320,clothing-320,clothing,38.40,236
321,books-321,books,39.77,243
322,home-322,home,41.14,250
323,toys-323,toys,42.51,257
324,food-324,food,43.88,264
325,electronics-325,electronics,45.25,271
326,clothing-326,clothing,46.62,278
327,books-327,books,47.99,285
328,home-328,home,49.36,292
329,toys-329,toys,50.73,299
330,food-330,food,52.10,306
331,electronics-331,electronics,53.47,313
332,clothing-332,clothing,54.84,320
333,books-333,books,56.21,327
334,home-334,home,57.58,334
335,toys-335,toys,58.95,341
336,food-336,food,60.32,348
337,electronics-337,electronics,61.69,355
338,clothing-338,clothing,63.06,362
339,books-339,books,64.43,369
340,home-340,home,65.80,376
341,toys-341,toys,67.17,383
342,food-342,food,68.54,390
343,electronics-343,electronics,69.91,397
344,clothing-344,clothing,71.28,404
345,books-345,books,72.65,411
346,home-346,home,74.02,418
347,toys-347,toys,75.39,425
348,food-348,food,76.76,432
349,electronics-349,electronics,78.13,439
350,clothing-350,clothing,79.50,446
351,books-351,books,80.87,453
352,home-352,home,82.24,460
353,toys-353,toys,83.61,467
354,food-354,food,84.98,474
355,electronics-355,electronics,86.35,481
356,clothing-356,clothing,87.72,488
357,books-357,books,89.09,495
358,home-358,home,90.46,1
359,toys-359,toys,91.83,8
360,food-360,food,93.20,15
361,electronics-361,electronics,94.57,22
362,clothing-362,clothing,95.94,29
363,books-363,books,97.31,36
364,home-364,home,98.68,43
365,toys-365,toys,0.05,50
366,food-366,food,1.42,57
367,electronics-367,electronics,2.79,64
368,clothing-368,clothing,4.16,71
369,books-369,books,5.53,78
370,home-370,home,6.90,85
371,toys-371,toys,8.27,92
372,food-372,food,9.64,99
373,electronics-373,electronics,11.01,106
374,clothing-374,clothing,12.38,113
375,books-375,books,13.75,120
376,home-376,home,15.12,127
377,toys-377,toys,16.49,134
378,food-378,food,17.86,141
379,electronics-379,electronics,19.23,148
380,clothing-380,clothing,20.60,155
381,books-381,books,21.97,162
382,home-382,home,23.34,169
383,toys-383,toys,24.71,176
384,food-384,food,26.08,183
385,electronics-385,electronics,27.45,190
386,clothing-386,clothing,28.82,197
387,books-387,books,30.19,204
388,home-388,home,31.56,211
389,toys-389,toys,32.93,218
390,food-390,food,34.30,225
391,electronics-391,electronics,35.67,232
392,clothing-392,clothing,37.04,239
393,books-393,books,38.41,246
394,home-394,home,39.78,253
395,toys-395,toys,41.15,260
396,food-396,food,42.52,267
397,electronics-397,electronics,43.89,274
398,clothing-398,clothing,45.26,281
399,books-399,books,46.63,288
400,home-400,home,48.00,295
401,toys-401,toys,49.37,302
402,food-402,food,50.74,309
403,electronics-403,electronics,52.11,316
404,clothing-404,clothing,53.48,323
405,books-405,books,54.85,330
406,home-406,home,56.22,337
407,toys-407,toys,57.59,344
408,food-408,food,58.96,351
409,electronics-409,electronics,60.33,358
410,clothing-410,clothing,61.70,365
411,books-411,books,63.07,372
412,home-412,home,64.44,379
413,toys-413,toys,65.81,386
414,food-414,food,67.18,393
415,electronics-415,electronics,68.55,400
416,clothing-416,clothing,69.92,407
417,books-417,books,71.29,414
418,home-418,home,72.66,421
419,toys-419,toys,74.03,428
420,food-420,food,75.40,435
421,electronics-421,electronics,76.77,442
422,clothing-422,clothing,78.14,449
423,books-423,books,79.51,456
424,home-424,home,80.88,463
425,toys-425,toys,82.25,470
426,food-426,food,83.62,477
427,electronics-427,electronics,84.99,484
428,clothing-428,clothing,86.36,491
429,books-429,books,87.73,498
430,home-430,home,89.10,4
431,toys-431,toys,90.47,11
432,food-432,food,91.84,18
433,electronics-433,electronics,93.21,25
434,clothing-434,clothing,94.58,32
435,books-435,books,95.95,39
436,home-436,home,97.32,46
437,toys-437,toys,98.69,53
438,food-438,food,0.06,60
439,electronics-439,electronics,1.43,67
440,clothing-440,clothing,2.80,74
441,books-441,books,4.17,81
442,home-442,home,5.54,88
443,toys-443,toys,6.91,95
444,food-444,food,8.28,102
445,electronics-445,electronics,9.65,109
446,clothing-446,clothing,11.02,116
447,books-447,books,12.39,123
448,home-448,home,13.76,130
449,toys-449,toys,15.13,137
450,food-450,food,16.50,144
451,electronics-451,electronics,17.87,151
452,clothing-452,clothing,19.24,158
453,books-453,books,20.61,165
454,home-454,home,21.98,172
455,toys-455,toys,23.35,179
456,food-456,food,24.72,186
457,electronics-457,electronics,26.09,193
458,clothing-458,clothing,27.46,200
459,books-459,books,28.83,207
460,home-460,home,30.20,214
461,toys-461,toys,31.57,221
462,food-462,food,32.94,228
463,electronics-463,electronics,34.31,235
464,clothing-464,clothing,35.68,242
465,books-465,books,37.05,249
466,home-466,home,38.42,256
467,toys-467,toys,39.79,263
468,food-468,food,41.16,270
469,electronics-469,electronics,42.53,277
470,clothing-470,clothing,43.90,284
471,books-471,books,45.27,291
472,home-472,home,46.64,298
473,toys-473,toys,48.01,305
474,food-474,food,49.38,312
475,electronics-475,electronics,50.75,319
476,clothing-476,clothing,52.12,326
477,books-477,books,53.49,333
478,home-478,home,54.86,340
479,toys-479,toys,56.23,347
480,food-480,food,57.60,354
481,electronics-481,electronics,58.97,361
482,clothing-482,clothing,60.34,368
483,books-483,books,61.71,375
484,home-484,home,63.08,382
485,toys-485,toys,64.45,389
486,food-486,food,65.82,396
487,electronics-487,electronics,67.19,403
488,clothing-488,clothing,68.56,410
489,books-489,books,69.93,417
490,home-490,home,71.30,424
491,toys-491,toys,72.67,431
492,food-492,food,74.04,438
493,electronics-493,electronics,75.41,445
494,clothing-494,clothing,76.78,452
495,books-495,books,78.15,459
496,home-496,home,79.52,466
497,toys-497,toys,80.89,473
498,food-498,food,82.26,480
499,electronics-499,electronics,83.63,487
500,clothing-500,clothing,85.00,494
501,books-501,books,86.37,0
502,home-502,home,87.74,7
503,toys-503,toys,89.11,14
504,food-504,food,90.48,21
505,electronics-505,electronics,91.85,28
506,clothing-506,clothing,93.22,35
507,books-507,books,94.59,42
508,home-508,home,95.96,49
509,toys-509,toys,97.33,56
510,food-510,food,98.70,63
511,electronics-511,electronics,0.07,70
512,clothing-512,clothing,1.44,77
513,books-513,books,2.81,84
514,home-514,home,4.18,91
515,toys-515,toys,5.55,98
516,food-516,food,6.92,105
517,electronics-517,electronics,8.29,112
518,clothing-518,clothing,9.66,119
519,books-519,books,11.03,126
520,home-520,home,12.40,133
521,toys-521,toys,13.77,140
522,food-522,food,15.14,147
523,electronics-523,electronics,16.51,154
524,clothing-524,clothing,17.88,161
525,books-525,books,19.25,168
526,home-526,home,20.62,175
527,toys-527,toys,21.99,182
528,food-528,food,23.36,189
529,electronics-529,electronics,24.73,196
530,clothing-530,clothing,26.10,203
531,books-531,books,27.47,210
532,home-532,home,28.84,217
533,toys-533,toys,30.21,224
534,food-534,food,31.58,231
535,electronics-535,electronics,32.95,238
536,clothing-536,clothing,34.32,245
537,books-537,books,35.69,252
538,home-538,home,37.06,259
539,toys-539,toys,38.43,266
540,food-540,food,39.80,273
541,electronics-541,electronics,41.17,280
542,clothing-542,clothing,42.54,287
543,books-543,books,43.91,294
544,home-544,home,45.28,301
545,toys-545,toys,46.65,308
546,food-546,food,48.02,315
547,electronics-547,electronics,49.39,322
548,clothing-548,clothing,50.76,329
549,books-549,books,52.13,336
550,home-550,home,53.50,343
551,toys-551,toys,54.87,350
552,food-552,food,56.24,357
553,electronics-553,electronics,57.61,364
554,clothing-554,clothing,58.98,371
555,books-555,books,60.35,378
556,home-556,home,61.72,385
557,toys-557,toys,63.09,392
558,food-558,food,64.46,399
559,electronics-559,electronics,65.83,406
560,clothing-560,clothing,67.20,413
561,books-561,books,68.57,420
562,home-562,home,69.94,427
563,toys-563,toys,71.31,434
564,food-564,food,72.68,441
565,electronics-565,electronics,74.05,448
566,clothing-566,clothing,75.42,455
567,books-567,books,76.79,462
568,home-568,home,78.16,469
569,toys-569,toys,79.53,476
570,food-570,food,80.90,483
571,electronics-571,electronics,82.27,490
572,clothing-572,clothing,83.64,497
573,books-573,books,85.01,3
574,home-574,home,86.38,10
575,toys-575,toys,87.75,17
576,food-576,food,89.12,24
577,electronics-577,electronics,90.49,31
578,clothing-578,clothing,91.86,38
579,books-579,books,93.23,45
580,home-580,home,94.60,52
581,toys-581,toys,95.97,59
582,food-582,food,97.34,66
583,electronics-583,electronics,98.71,73
584,clothing-584,clothing,0.08,80
585,books-585,books,1.45,87
586,home-586,home,2.82,94
587,toys-587,toys,4.19,101
588,food-588,food,5.56,108
589,electronics-589,electronics,6.93,115
590,clothing-590,clothing,8.30,122
591,books-591,books,9.67,129
592,home-592,home,11.04,136
593,toys-593,toys,12.41,143
594,food-594,food,13.78,150
595,electronics-595,electronics,15.15,157
596,clothing-596,clothing,16.52,164
597,books-597,books,17.89,171
598,home-598,home,19.26,178
599,toys-599,toys,20.63,185
600,food-600,food,22.00,192
601,electronics-601,electronics,23.37,199
602,clothing-602,clothing,24.74,206
603,books-603,books,26.11,213
604,home-604,home,27.48,220
605,toys-605,toys,28.85,227
606,food-606,food,30.22,234
607,electronics-607,electronics,31.59,241
608,clothing-608,clothing,32.96,248
609,books-609,books,34.33,255
610,home-610,home,35.70,262
611,toys-611,toys,37.07,269
612,food-612,food,38.44,276
613,electronics-613,electronics,39.81,283
614,clothing-614,clothing,41.18,290
615,books-615,books,42.55,297
616,home-616,home,43.92,304
617,toys-617,toys,45.29,311
618,food-618,food,46.66,318
619,electronics-619,electronics,48.03,325
620,clothing-620,clothing,49.40,332
621,books-621,books,50.77,339
622,home-622,home,52.14,346
623,toys-623,toys,53.51,353
624,food-624,food,54.88,360
625,electronics-625,electronics,56.25,367
626,clothing-626,clothing,57.62,374
627,books-627,books,58.99,381
628,home-628,home,60.36,388
629,toys-629,toys,61.73,395
630,food-630,food,63.10,402
631,electronics-631,electronics,64.47,409
632,clothing-632,clothing,65.84,416
633,books-633,books,67.21,423
634,home-634,home,68.58,430
635,toys-635,toys,69.95,437
636,food-636,food,71.32,444
637,electronics-637,electronics,72.69,451
638,clothing-638,clothing,74.06,458
639,books-639,books,75.43,465
640,home-640,home,76.80,472
641,toys-641,toys,78.17,479
642,food-642,food,79.54,486
643,electronics-643,electronics,80.91,493
644,clothing-644,clothing,82.28,500
645,books-645,books,83.65,6
646,home-646,home,85.02,13
647,toys-647,toys,86.39,20
648,food-648,food,87.76,27
649,electronics-649,electronics,89.13,34
650,clothing-650,clothing,90.50,41
651,books-651,books,91.87,48
652,home-652,home,93.24,55
653,toys-653,toys,94.61,62
654,food-654,food,95.98,69
655,electronics-655,electronics,97.35,76
656,clothing-656,clothing,98.72,83
657,books-657,books,0.09,90
658,home-658,home,1.46,97
659,toys-659,toys,2.83,104
660,food-660,food,4.20,111
661,electronics-661,electronics,5.57,118
662,clothing-662,clothing,6.94,125
663,books-663,books,8.31,132
664,home-664,home,9.68,139
665,toys-665,toys,11.05,146
666,food-666,food,12.42,153
667,electronics-667,electronics,13.79,160
668,clothing-668,clothing,15.16,167
669,books-669,books,16.53,174
670,home-670,home,17.90,181
671,toys-671,toys,19.27,188
672,food-672,food,20.64,195
673,electronics-673,electronics,22.01,202
674,clothing-674,clothing,23.38,209
675,books-675,books,24.75,216
676,home-676,home,26.12,223
677,toys-677,toys,27.49,230
678,food-678,food,28.86,237
679,electronics-679,electronics,30.23,244
680,clothing-680,clothing,31.60,251
681,books-681,books,32.97,258
682,home-682,home,34.34,265
683,toys-683,toys,35.71,272
684,food-684,food,37.08,279
685,electronics-685,electronics,38.45,286
686,clothing-686,clothing,39.82,293
687,books-687,books,41.19,300
688,home-688,home,42.56,307
689,toys-689,toys,43.93,314
690,food-690,food,45.30,321
691,electronics-691,electronics,46.67,328
692,clothing-692,clothing,48.04,335
693,books-693,books,49.41,342
694,home-694,home,50.78,349
695,toys-695,toys,52.15,356
696,food-696,food,53.52,363
697,electronics-697,electronics,54.89,370
698,clothing-698,clothing,56.26,377
699,books-699,books,57.63,384
700,home-700,home,59.00,391
701,toys-701,toys,60.37,398
702,food-702,food,61.74,405
703,electronics-703,electronics,63.11,412
704,clothing-704,clothing,64.48,419
705,books-705,books,65.85,426
706,home-706,home,67.22,433
707,toys-707,toys,68.59,440
708,food-708,food,69.96,447
709,electronics-709,electronics,71.33,454
710,clothing-710,clothing,72.70,461
711,books-711,books,74.07,468
712,home-712,home,75.44,475
713,toys-713,toys,76.81,482
714,food-714,food,78.18,489
715,electronics-715,electronics,79.55,496
716,clothing-716,clothing,80.92,2
717,books-717,books,82.29,9
718,home-718,home,83.66,16
719,toys-719,toys,85.03,23
720,food-720,food,86.40,30
721,electronics-721,electronics,87.77,37
722,clothing-722,clothing,89.14,44
723,books-723,books,90.51,51
724,home-724,home,91.88,58
725,toys-725,toys,93.25,65
726,food-726,food,94.62,72
727,electronics-727,electronics,95.99,79
728,clothing-728,clothing,97.36,86
729,books-729,books,98.73,93
730,home-730,home,0.10,100
731,toys-731,toys,1.47,107
732,food-732,food,2.84,114
733,electronics-733,electronics,4.21,121
734,clothing-734,clothing,5.58,128
735,books-735,books,6.95,135
736,home-736,home,8.32,142
737,toys-737,toys,9.69,149
738,food-738,food,11.06,156
739,electronics-739,electronics,12.43,163
740,clothing-740,clothing,13.80,170
741,books-741,books,15.17,177
742,home-742,home,16.54,184
743,toys-743,toys,17.91,191
744,food-744,food,19.28,198
745,electronics-745,electronics,20.65,205
746,clothing-746,clothing,22.02,212
747,books-747,books,23.39,219
748,home-748,home,24.76,226
749,toys-749,toys,26.13,233
750,food-750,food,27.50,240
751,electronics-751,electronics,28.87,247
752,clothing-752,clothing,30.24,254
753,books-753,books,31.61,261
754,home-754,home,32.98,268
755,toys-755,toys,34.35,275
756,food-756,food,35.72,282
757,electronics-757,electronics,37.09,289
758,clothing-758,clothing,38.46,296
759,books-759,books,39.83,303
760,home-760,home,41.20,310
761,toys-761,toys,42.57,317
762,food-762,food,43.94,324
763,electronics-763,electronics,45.31,331
764,clothing-764,clothing,46.68,338
765,books-765,books,48.05,345
766,home-766,home,49.42,352
767,toys-767,toys,50.79,359
768,food-768,food,52.16,366
769,electronics-769,electronics,53.53,373
770,clothing-770,clothing,54.90,380
771,books-771,books,56.27,387
772,home-772,home,57.64,394
773,toys-773,toys,59.01,401
774,food-774,food,60.38,408
775,electronics-775,electronics,61.75,415
776,clothing-776,clothing,63.12,422
777,books-777,books,64.49,429
778,home-778,home,65.86,436
779,toys-779,toys,67.23,443
780,food-780,food,68.60,450
781,electronics-781,electronics,69.97,457
782,clothing-782,clothing,71.34,464
783,books-783,books,72.71,471
784,home-784,home,74.08,478
785,toys-785,toys,75.45,485
786,food-786,food,76.82,492
787,electronics-787,electronics,78.19,499
788,clothing-788,clothing,79.56,5
789,books-789,books,80.93,12
790,home-790,home,82.30,19
791,toys-791,toys,83.67,26
792,food-792,food,85.04,33
793,electronics-793,electronics,86.41,40
794,clothing-794,clothing,87.78,47
795,books-795,books,89.15,54
796,home-796,home,90.52,61
797,toys-797,toys,91.89,68
798,food-798,food,93.26,75
799,electronics-799,electronics,94.63,82
800,clothing-800,clothing,96.00,89
801,books-801,books,97.37,96
802,home-802,home,98.74,103
803,toys-803,toys,0.11,110
804,food-804,food,1.48,117
805,electronics-805,electronics,2.85,124
806,clothing-806,clothing,4.22,131
807,books-807,books,5.59,138
808,home-808,home,6.96,145
809,toys-809,toys,8.33,152
810,food-810,food,9.70,159
811,electronics-811,electronics,11.07,166
812,clothing-812,clothing,12.44,173
813,books-813,books,13.81,180
814,home-814,home,15.18,187
815,toys-815,toys,16.55,194
816,food-816,food,17.92,201
817,electronics-817,electronics,19.29,208
818,clothing-818,clothing,20.66,215
819,books-819,books,22.03,222
820,home-820,home,23.40,229
821,toys-821,toys,24.77,236
822,food-822,food,26.14,243
823,electronics-823,electronics,27.51,250
824,clothing-824,clothing,28.88,257
825,books-825,books,30.25,264
826,home-826,home,31.62,271
827,toys-827,toys,32.99,278
828,food-828,food,34.36,285
829,electronics-829,electronics,35.73,292
830,clothing-830,clothing,37.10,299
831,books-831,books,38.47,306
832,home-832,home,39.84,313
833,toys-833,toys,41.21,320
834,food-834,food,42.58,327
835,electronics-835,electronics,43.95,334
836,clothing-836,clothing,45.32,341
837,books-837,books,46.69,348
838,home-838,home,48.06,355
839,toys-839,toys,49.43,362
840,food-840,food,50.80,369
841,electronics-841,electronics,52.17,376
842,clothing-842,clothing,53.54,383
843,books-843,books,54.91,390
844,home-844,home,56.28,397
845,toys-845,toys,57.65,404
846,food-846,food,59.02,411
847,electronics-847,electronics,60.39,418
848,clothing-848,clothing,61.76,425
849,books-849,books,63.13,432
850,home-850,home,64.50,439
851,toys-851,toys,65.87,446
852,food-852,food,67.24,453
853,electronics-853,electronics,68.61,460
854,clothing-854,clothing,69.98,467
855,books-855,books,71.35,474
856,home-856,home,72.72,481
857,toys-857,toys,74.09,488
858,food-858,food,75.46,495
859,electronics-859,electronics,76.83,1
860,clothing-860,clothing,78.20,8
861,books-861,books,79.57,15
862,home-862,home,80.94,22
863,toys-863,toys,82.31,29
864,food-864,food,83.68,36
865,electronics-865,electronics,85.05,43
866,clothing-866,clothing,86.42,50
867,books-867,books,87.79,57
868,home-868,home,89.16,64
869,toys-869,toys,90.53,71
870,food-870,food,91.90,78
871,electronics-871,electronics,93.27,85
872,clothing-872,clothing,94.64,92
873,books-873,books,96.01,99
874,home-874,home,97.38,106
875,toys-875,toys,98.75,113
876,food-876,food,0.12,120
877,electronics-877,electronics,1.49,127
878,clothing-878,clothing,2.86,134
879,books-879,books,4.23,141
880,home-880,home,5.60,148
881,toys-881,toys,6.97,155
882,food-882,food,8.34,162
883,electronics-883,electronics,9.71,169
884,clothing-884,clothing,11.08,176
885,books-885,books,12.45,183
886,home-886,home,13.82,190
887,toys-887,toys,15.19,197
888,food-888,food,16.56,204
889,electronics-889,electronics,17.93,211
890,clothing-890,clothing,19.30,218
891,books-891,books,20.67,225
892,home-892,home,22.04,232
893,toys-893,toys,23.41,239
894,food-894,food,24.78,246
895,electronics-895,electronics,26.15,253
896,clothing-896,clothing,27.52,260
897,books-897,books,28.89,267
898,home-898,home,30.26,274
899,toys-899,toys,31.63,281
900,food-900,food,33.00,288
901,electronics-901,electronics,34.37,295
902,clothing-902,clothing,35.74,302
903,books-903,books,37.11,309
904,home-904,home,38.48,316
905,toys-905,toys,39.85,323
906,food-906,food,41.22,330
907,electronics-907,electronics,42.59,337
908,clothing-908,clothing,43.96,344
909,books-909,books,45.33,351
910,home-910,home,46.70,358
911,toys-911,toys,48.07,365
912,food-912,food,49.44,372
913,electronics-913,electronics,50.81,379
914,clothing-914,clothing,52.18,386
915,books-915,books,53.55,393
916,home-916,home,54.92,400
917,toys-917,toys,56.29,407
918,food-918,food,57.66,414
919,electronics-919,electronics,59.03,421
920,clothing-920,clothing,60.40,428
921,books-921,books,61.77,435
922,home-922,home,63.14,442
923,toys-923,toys,64.51,449
924,food-924,food,65.88,456
925,electronics-925,electronics,67.25,463
926,clothing-926,clothing,68.62,470
927,books-927,books,69.99,477
928,home-928,home,71.36,484
929,toys-929,toys,72.73,491
930,food-930,food,74.10,498
931,electronics-931,electronics,75.47,4
932,clothing-932,clothing,76.84,11
933,books-933,books,78.21,18
934,home-934,home,79.58,25
935,toys-935,toys,80.95,32
936,food-936,food,82.32,39
937,electronics-937,electronics,83.69,46
938,clothing-938,clothing,85.06,53
939,books-939,books,86.43,60
940,home-940,home,87.80,67
941,toys-941,toys,89.17,74
942,food-942,food,90.54,81
943,electronics-943,electronics,91.91,88
944,clothing-944,clothing,93.28,95
945,books-945,books,94.65,102
946,home-946,home,96.02,109
947,toys-947,toys,97.39,116
948,food-948,food,98.76,123
949,electronics-949,electronics,0.13,130
950,clothing-950,clothing,1.50,137
951,books-951,books,2.87,144
952,home-952,home,4.24,151
953,toys-953,toys,5.61,158
954,food-954,food,6.98,165
955,electronics-955,electronics,8.35,172
956,clothing-956,clothing,9.72,179
957,books-957,books,11.09,186
958,home-958,home,12.46,193
959,toys-959,toys,13.83,200
960,food-960,food,15.20,207
961,electronics-961,electronics,16.57,214
962,clothing-962,clothing,17.94,221
963,books-963,books,19.31,228
964,home-964,home,20.68,235
965,toys-965,toys,22.05,242
966,food-966,food,23.42,249
967,electronics-967,electronics,24.79,256
968,clothing-968,clothing,26.16,263
969,books-969,books,27.53,270
970,home-970,home,28.90,277
971,toys-971,toys,30.27,284
972,food-972,food,31.64,291
973,electronics-973,electronics,33.01,298
974,clothing-974,clothing,34.38,305
975,books-975,books,35.75,312
976,home-976,home,37.12,319
977,toys-977,toys,38.49,326
978,food-978,food,39.86,333
979,electronics-979,electronics,41.23,340
980,clothing-980,clothing,42.60,347
981,books-981,books,43.97,354
982,home-982,home,45.34,361
983,toys-983,toys,46.71,368
984,food-984,food,48.08,375
985,electronics-985,electronics,49.45,382
986,clothing-986,clothing,50.82,389
987,books-987,books,52.19,396
988,home-988,home,53.56,403
989,toys-989,toys,54.93,410
990,food-990,food,56.30,417
991,electronics-991,electronics,57.67,424
992,clothing-992,clothing,59.04,431
993,books-993,books,60.41,438
994,home-994,home,61.78,445
995,toys-995,toys,63.15,452
996,food-996,food,64.52,459
997,electronics-997,electronics,65.89,466
998,clothing-998,clothing,67.26,473
999,books-999,books,68.63,480
1000,home-1000,home,70.00,487
1001,toys-1001,toys,71.37,494
1002,food-1002,food,72.74,0
1003,electronics-1003,electronics,74.11,7
1004,clothing-1004,clothing,75.48,14
1005,books-1005,books,76.85,21
1006,home-1006,home,78.22,28
1007,toys-1007,toys,79.59,35
1008,food-1008,food,80.96,42
1009,electronics-1009,electronics,82.33,49
1010,clothing-1010,clothing,83.70,56
1011,books-1011,books,85.07,63
1012,home-1012,home,86.44,70
1013,toys-1013,toys,87.81,77
1014,food-1014,food,89.18,84
1015,electronics-1015,electronics,90.55,91
1016,clothing-1016,clothing,91.92,98
1017,books-1017,books,93.29,105
1018,home-1018,home,94.66,112
1019,toys-1019,toys,96.03,119
1020,food-1020,food,97.40,126
1021,electronics-1021,electronics,98.77,133
1022,clothing-1022,clothing,0.14,140
1023,books-1023,books,1.51,147
1024,home-1024,home,2.88,154
1025,toys-1025,toys,4.25,161
1026,food-1026,food,5.62,168
1027,electronics-1027,electronics,6.99,175
1028,clothing-1028,clothing,8.36,182
1029,books-1029,books,9.73,189
1030,home-1030,home,11.10,196
1031,toys-1031,toys,12.47,203
1032,food-1032,food,13.84,210
1033,electronics-1033,electronics,15.21,217
1034,clothing-1034,clothing,16.58,224
1035,books-1035,books,17.95,231
1036,home-1036,home,19.32,238
1037,toys-1037,toys,20.69,245
1038,food-1038,food,22.06,252
1039,electronics-1039,electronics,23.43,259
1040,clothing-1040,clothing,24.80,266
1041,books-1041,books,26.17,273
1042,home-1042,home,27.54,280
1043,toys-1043,toys,28.91,287
1044,food-1044,food,30.28,294
1045,electronics-1045,electronics,31.65,301
1046,clothing-1046,clothing,33.02,308
1047,books-1047,books,34.39,315
1048,home-1048,home,35.76,322
1049,toys-1049,toys,37.13,329
1050,food-1050,food,38.50,336
1051,electronics-1051,electronics,39.87,343
1052,clothing-1052,clothing,41.24,350
1053,books-1053,books,42.61,357
1054,home-1054,home,43.98,364
1055,toys-1055,toys,45.35,371
1056,food-1056,food,46.72,378
1057,electronics-1057,electronics,48.09,385
1058,clothing-1058,clothing,49.46,392
1059,books-1059,books,50.83,399
1060,home-1060,home,52.20,406
1061,toys-1061,toys,53.57,413
1062,food-1062,food,54.94,420
1063,electronics-1063,electronics,56.31,427
1064,clothing-1064,clothing,57.68,434
1065,books-1065,books,59.05,441
1066,home-1066,home,60.42,448
1067,toys-1067,toys,61.79,455
1068,food-1068,food,63.16,462
1069,electronics-1069,electronics,64.53,469
1070,clothing-1070,clothing,65.90,476
1071,books-1071,books,67.27,483
1072,home-1072,home,68.64,490
1073,toys-1073,toys,70.01,497
1074,food-1074,food,71.38,3
1075,electronics-1075,electronics,72.75,10
1076,clothing-1076,clothing,74.12,17
1077,books-1077,books,75.49,24
1078,home-1078,home,76.86,31
1079,toys-1079,toys,78.23,38
1080,food-1080,food,79.60,45
1081,electronics-1081,electronics,80.97,52
1082,clothing-1082,clothing,82.34,59
1083,books-1083,books,83.71,66
1084,home-1084,home,85.08,73
1085,toys-1085,toys,86.45,80
1086,food-1086,food,87.82,87
1087,electronics-1087,electronics,89.19,94
1088,clothing-1088,clothing,90.56,101
1089,books-1089,books,91.93,108
1090,home-1090,home,93.30,115
1091,toys-1091,toys,94.67,122
1092,food-1092,food,96.04,129
1093,electronics-1093,electronics,97.41,136
1094,clothing-1094,clothing,98.78,143
1095,books-1095,books,0.15,150
1096,home-1096,home,1.52,157
1097,toys-1097,toys,2.89,164
1098,food-1098,food,4.26,171
1099,electronics-1099,electronics,5.63,178
1100,clothing-1100,clothing,7.00,185
1101,books-1101,books,8.37,192
1102,home-1102,home,9.74,199
1103,toys-1103,toys,11.11,206
1104,food-1104,food,12.48,213
1105,electronics-1105,electronics,13.85,220
1106,clothing-1106,clothing,15.22,227
1107,books-1107,books,16.59,234
1108,home-1108,home,17.96,241
1109,toys-1109,toys,19.33,248
1110,food-1110,food,20.70,255
1111,electronics-1111,electronics,22.07,262
1112,clothing-1112,clothing,23.44,269
1113,books-1113,books,24.81,276
1114,home-1114,home,26.18,283
1115,toys-1115,toys,27.55,290
1116,food-1116,food,28.92,297
1117,electronics-1117,electronics,30.29,304
1118,clothing-1118,clothing,31.66,311
1119,books-1119,books,33.03,318
1120,home-1120,home,34.40,325
1121,toys-1121,toys,35.77,332
1122,food-1122,food,37.14,339
1123,electronics-1123,electronics,38.51,346
1124,clothing-1124,clothing,39.88,353
1125,books-1125,books,41.25,360
1126,home-1126,home,42.62,367
1127,toys-1127,toys,43.99,374
1128,food-1128,food,45.36,381
1129,electronics-1129,electronics,46.73,388
1130,clothing-1130,clothing,48.10,395
1131,books-1131,books,49.47,402
1132,home-1132,home,50.84,409
1133,toys-1133,toys,52.21,416
1134,food-1134,food,53.58,423
1135,electronics-1135,electronics,54.95,430
1136,clothing-1136,clothing,56.32,437
1137,books-1137,books,57.69,444
1138,home-1138,home,59.06,451
1139,toys-1139,toys,60.43,458
1140,food-1140,food,61.80,465
1141,electronics-1141,electronics,63.17,472
1142,clothing-1142,clothing,64.54,479
1143,books-1143,books,65.91,486
1144,home-1144,home,67.28,493
1145,toys-1145,toys,68.65,500
1146,food-1146,food,70.02,6
1147,electronics-1147,electronics,71.39,13
1148,clothing-1148,clothing,72.76,20
1149,books-1149,books,74.13,27
1150,home-1150,home,75.50,34
1151,toys-1151,toys,76.87,41
1152,food-1152,food,78.24,48
1153,electronics-1153,electronics,79.61,55
1154,clothing-1154,clothing,80.98,62
1155,books-1155,books,82.35,69
1156,home-1156,home,83.72,76
1157,toys-1157,toys,85.09,83
1158,food-1158,food,86.46,90
1159,electronics-1159,electronics,87.83,97
1160,clothing-1160,clothing,89.20,104
1161,books-1161,books,90.57,111
1162,home-1162,home,91.94,118
1163,toys-1163,toys,93.31,125
1164,food-1164,food,94.68,132
1165,electronics-1165,electronics,96.05,139
1166,clothing-1166,clothing,97.42,146
1167,books-1167,books,98.79,153
1168,home-1168,home,0.16,160
1169,toys-1169,toys,1.53,167
1170,food-1170,food,2.90,174
1171,electronics-1171,electronics,4.27,181
1172,clothing-1172,clothing,5.64,188
1173,books-1173,books,7.01,195
1174,home-1174,home,8.38,202
1175,toys-1175,toys,9.75,209
1176,food-1176,food,11.12,216
1177,electronics-1177,electronics,12.49,223
1178,clothing-1178,clothing,13.86,230
1179,books-1179,books,15.23,237
1180,home-1180,home,16.60,244
1181,toys-1181,toys,17.97,251
1182,food-1182,food,19.34,258
1183,electronics-1183,electronics,20.71,265
1184,clothing-1184,clothing,22.08,272
1185,books-1185,books,23.45,279
1186,home-1186,home,24.82,286
1187,toys-1187,toys,26.19,293
1188,food-1188,food,27.56,300
1189,electronics-1189,electronics,28.93,307
1190,clothing-1190,clothing,30.30,314
1191,books-1191,books,31.67,321
1192,home-1192,home,33.04,328
1193,toys-1193,toys,34.41,335
1194,food-1194,food,35.78,342
1195,electronics-1195,electronics,37.15,349
1196,clothing-1196,clothing,38.52,356
1197,books-1197,books,39.89,363
1198,home-1198,home,41.26,370
1199,toys-1199,toys,42.63,377
1200,food-1200,food,44.00,384
1201,electronics-1201,electronics,45.37,391
1202,clothing-1202,clothing,46.74,398
1203,books-1203,books,48.11,405
1204,home-1204,home,49.48,412
1205,toys-1205,toys,50.85,419
1206,food-1206,food,52.22,426
1207,electronics-1207,electronics,53.59,433
1208,clothing-1208,clothing,54.96,440
1209,books-1209,books,56.33,447
1210,home-1210,home,57.70,454
1211,toys-1211,toys,59.07,461
1212,food-1212,food,60.44,468
1213,electronics-1213,electronics,61.81,475
1214,clothing-1214,clothing,63.18,482
1215,books-1215,books,64.55,489
1216,home-1216,home,65.92,496
1217,toys-1217,toys,67.29,2
1218,food-1218,food,68.66,9
1219,electronics-1219,electronics,70.03,16
1220,clothing-1220,clothing,71.40,23
1221,books-1221,books,72.77,30
1222,home-1222,home,74.14,37
1223,toys-1223,toys,75.51,44
1224,food-1224,food,76.88,51
1225,electronics-1225,electronics,78.25,58
1226,clothing-1226,clothing,79.62,65
1227,books-1227,books,80.99,72
1228,home-1228,home,82.36,79
1229,toys-1229,toys,83.73,86
1230,food-1230,food,85.10,93
1231,electronics-1231,electronics,86.47,100
1232,clothing-1232,clothing,87.84,107
1233,books-1233,books,89.21,114
1234,home-1234,home,90.58,121
1235,toys-1235,toys,91.95,128
1236,food-1236,food,93.32,135
1237,electronics-1237,electronics,94.69,142
1238,clothing-1238,clothing,96.06,149
1239,books-1239,books,97.43,156
1240,home-1240,home,98.80,163
1241,toys-1241,toys,0.17,170
1242,food-1242,food,1.54,177
1243,electronics-1243,electronics,2.91,184
1244,clothing-1244,clothing,4.28,191
1245,books-1245,books,5.65,198
1246,home-1246,home,7.02,205
1247,toys-1247,toys,8.39,212
1248,food-1248,food,9.76,219
1249,electronics-1249,electronics,11.13,226
1250,clothing-1250,clothing,12.50,233
1251,books-1251,books,13.87,240
1252,home-1252,home,15.24,247
1253,toys-1253,toys,16.61,254
1254,food-1254,food,17.98,261
1255,electronics-1255,electronics,19.35,268
1256,clothing-1256,clothing,20.72,275
1257,books-1257,books,22.09,282
1258,home-1258,home,23.46,289
1259,toys-1259,toys,24.83,296
1260,food-1260,food,26.20,303
1261,electronics-1261,electronics,27.57,310
1262,clothing-1262,clothing,28.94,317
1263,books-1263,books,30.31,324
1264,home-1264,home,31.68,331
1265,toys-1265,toys,33.05,338
1266,food-1266,food,34.42,345
1267,electronics-1267,electronics,35.79,352
1268,clothing-1268,clothing,37.16,359
1269,books-1269,books,38.53,366
1270,home-1270,home,39.90,373
1271,toys-1271,toys,41.27,380
1272,food-1272,food,42.64,387
1273,electronics-1273,electronics,44.01,394
1274,clothing-1274,clothing,45.38,401
1275,books-1275,books,46.75,408
1276,home-1276,home,48.12,415
1277,toys-1277,toys,49.49,422
1278,food-1278,food,50.86,429
1279,electronics-1279,electronics,52.23,436
1280,clothing-1280,clothing,53.60,443
1281,books-1281,books,54.97,450
1282,home-1282,home,56.34,457
1283,toys-1283,toys,57.71,464
1284,food-1284,food,59.08,471
1285,electronics-1285,electronics,60.45,478
1286,clothing-1286,clothing,61.82,485
1287,books-1287,books,63.19,492
1288,home-1288,home,64.56,499
1289,toys-1289,toys,65.93,5
1290,food-1290,food,67.30,12
1291,electronics-1291,electronics,68.67,19
1292,clothing-1292,clothing,70.04,26
1293,books-1293,books,71.41,33
1294,home-1294,home,72.78,40
1295,toys-1295,toys,74.15,47
1296,food-1296,food,75.52,54
1297,electronics-1297,electronics,76.89,61
1298,clothing-1298,clothing,78.26,68
1299,books-1299,books,79.63,75
1300,home-1300,home,81.00,82
1301,toys-1301,toys,82.37,89
1302,food-1302,food,83.74,96
1303,electronics-1303,electronics,85.11,103
1304,clothing-1304,clothing,86.48,110
1305,books-1305,books,87.85,117
1306,home-1306,home,89.22,124
1307,toys-1307,toys,90.59,131
1308,food-1308,food,91.96,138
1309,electronics-1309,electronics,93.33,145
1310,clothing-1310,clothing,94.70,152
1311,books-1311,books,96.07,159
1312,home-1312,home,97.44,166
1313,toys-1313,toys,98.81,173
1314,food-1314,food,0.18,180
1315,electronics-1315,electronics,1.55,187
1316,clothing-1316,clothing,2.92,194
1317,books-1317,books,4.29,201
1318,home-1318,home,5.66,208
1319,toys-1319,toys,7.03,215
1320,food-1320,food,8.40,222
1321,electronics-1321,electronics,9.77,229
1322,clothing-1322,clothing,11.14,236
1323,books-1323,books,12.51,243
1324,home-1324,home,13.88,250
1325,toys-1325,toys,15.25,257
1326,food-1326,food,16.62,264
1327,electronics-1327,electronics,17.99,271
1328,clothing-1328,clothing,19.36,278
1329,books-1329,books,20.73,285
1330,home-1330,home,22.10,292
1331,toys-1331,toys,23.47,299
1332,food-1332,food,24.84,306
1333,electronics-1333,electronics,26.21,313
1334,clothing-1334,clothing,27.58,320
1335,books-1335,books,28.95,327
1336,home-1336,home,30.32,334
1337,toys-1337,toys,31.69,341
1338,food-1338,food,33.06,348
1339,electronics-1339,electronics,34.43,355
1340,clothing-1340,clothing,35.80,362
1341,books-1341,books,37.17,369
1342,home-1342,home,38.54,376
1343,toys-1343,toys,39.91,383
1344,food-1344,food,41.28,390
1345,electronics-1345,electronics,42.65,397
1346,clothing-1346,clothing,44.02,404
1347,books-1347,books,45.39,411
1348,home-1348,home,46.76,418
1349,toys-1349,toys,48.13,425
1350,food-1350,food,49.50,432
1351,electronics-1351,electronics,50.87,439
1352,clothing-1352,clothing,52.24,446
1353,books-1353,books,53.61,453
1354,home-1354,home,54.98,460
1355,toys-1355,toys,56.35,467
1356,food-1356,food,57.72,474
1357,electronics-1357,electronics,59.09,481
1358,clothing-1358,clothing,60.46,488
1359,books-1359,books,61.83,495
1360,home-1360,home,63.20,1
1361,toys-1361,toys,64.57,8
1362,food-1362,food,65.94,15
1363,electronics-1363,electronics,67.31,22
1364,clothing-1364,clothing,68.68,29
1365,books-1365,books,70.05,36
1366,home-1366,home,71.42,43
1367,toys-1367,toys,72.79,50
1368,food-1368,food,74.16,57
1369,electronics-1369,electronics,75.53,64
1370,clothing-1370,clothing,76.90,71
1371,books-1371,books,78.27,78
1372,home-1372,home,79.64,85
1373,toys-1373,toys,81.01,92
1374,food-1374,food,82.38,99
1375,electronics-1375,electronics,83.75,106
1376,clothing-1376,clothing,85.12,113
1377,books-1377,books,86.49,120
1378,home-1378,home,87.86,127
1379,toys-1379,toys,89.23,134
1380,food-1380,food,90.60,141
1381,electronics-1381,electronics,91.97,148
1382,clothing-1382,clothing,93.34,155
1383,books-1383,books,94.71,162
1384,home-1384,home,96.08,169
1385,toys-1385,toys,97.45,176
1386,food-1386,food,98.82,183
1387,electronics-1387,electronics,0.19,190
1388,clothing-1388,clothing,1.56,197
1389,books-1389,books,2.93,204
1390,home-1390,home,4.30,211
1391,toys-1391,toys,5.67,218
1392,food-1392,food,7.04,225
1393,electronics-1393,electronics,8.41,232
1394,clothing-1394,clothing,9.78,239
1395,books-1395,books,11.15,246
1396,home-1396,home,12.52,253
1397,toys-1397,toys,13.89,260
1398,food-1398,food,15.26,267
1399,electronics-1399,electronics,16.63,274
1400,clothing-1400,clothing,18.00,281
1401,books-1401,books,19.37,288
1402,home-1402,home,20.74,295
1403,toys-1403,toys,22.11,302
1404,food-1404,food,23.48,309
1405,electronics-1405,electronics,24.85,316
1406,clothing-1406,clothing,26.22,323
1407,books-1407,books,27.59,330
1408,home-1408,home,28.96,337
1409,toys-1409,toys,30.33,344
1410,food-1410,food,31.70,351
1411,electronics-1411,electronics,33.07,358
1412,clothing-1412,clothing,34.44,365
1413,books-1413,books,35.81,372
1414,home-1414,home,37.18,379
1415,toys-1415,toys,38.55,386
1416,food-1416,food,39.92,393
1417,electronics-1417,electronics,41.29,400
1418,clothing-1418,clothing,42.66,407
1419,books-1419,books,44.03,414
1420,home-1420,home,45.40,421
1421,toys-1421,toys,46.77,428
1422,food-1422,food,48.14,435
1423,electronics-1423,electronics,49.51,442
1424,clothing-1424,clothing,50.88,449
1425,books-1425,books,52.25,456
1426,home-1426,home,53.62,463
1427,toys-1427,toys,54.99,470
1428,food-1428,food,56.36,477
1429,electronics-1429,electronics,57.73,484
1430,clothing-1430,clothing,59.10,491
1431,books-1431,books,60.47,498
1432,home-1432,home,61.84,4
1433,toys-1433,toys,63.21,11
1434,food-1434,food,64.58,18
1435,electronics-1435,electronics,65.95,25
1436,clothing-1436,clothing,67.32,32
1437,books-1437,books,68.69,39
1438,home-1438,home,70.06,46
1439,toys-1439,toys,71.43,53
1440,food-1440,food,72.80,60
1441,electronics-1441,electronics,74.17,67
1442,clothing-1442,clothing,75.54,74
1443,books-1443,books,76.91,81
1444,home-1444,home,78.28,88
1445,toys-1445,toys,79.65,95
1446,food-1446,food,81.02,102
1447,electronics-1447,electronics,82.39,109
1448,clothing-1448,clothing,83.76,116
1449,books-1449,books,85.13,123
1450,home-1450,home,86.50,130
1451,toys-1451,toys,87.87,137
1452,food-1452,food,89.24,144
1453,electronics-1453,electronics,90.61,151
1454,clothing-1454,clothing,91.98,158
1455,books-1455,books,93.35,165
1456,home-1456,home,94.72,172
1457,toys-1457,toys,96.09,179
1458,food-1458,food,97.46,186
1459,electronics-1459,electronics,98.83,193
1460,clothing-1460,clothing,0.20,200
1461,books-1461,books,1.57,207
1462,home-1462,home,2.94,214
1463,toys-1463,toys,4.31,221
1464,food-1464,food,5.68,228
1465,electronics-1465,electronics,7.05,235
1466,clothing-1466,clothing,8.42,242
1467,books-1467,books,9.79,249
1468,home-1468,home,11.16,256
1469,toys-1469,toys,12.53,263
1470,food-1470,food,13.90,270
1471,electronics-1471,electronics,15.27,277
1472,clothing-1472,clothing,16.64,284
1473,books-1473,books,18.01,291
1474,home-1474,home,19.38,298
1475,toys-1475,toys,20.75,305
1476,food-1476,food,22.12,312
1477,electronics-1477,electronics,23.49,319
1478,clothing-1478,clothing,24.86,326
1479,books-1479,books,26.23,333
1480,home-1480,home,27.60,340
1481,toys-1481,toys,28.97,347
1482,food-1482,food,30.34,354
1483,electronics-1483,electronics,31.71,361
1484,clothing-1484,clothing,33.08,368
1485,books-1485,books,34.45,375
1486,home-1486,home,35.82,382
1487,toys-1487,toys,37.19,389
1488,food-1488,food,38.56,396
1489,electronics-1489,electronics,39.93,403
1490,clothing-1490,clothing,41.30,410
1491,books-1491,books,42.67,417
1492,home-1492,home,44.04,424
1493,toys-1493,toys,45.41,431
1494,food-1494,food,46.78,438
1495,electronics-1495,electronics,48.15,445
1496,clothing-1496,clothing,49.52,452
1497,books-1497,books,50.89,459
1498,home-1498,home,52.26,466
1499,toys-1499,toys,53.63,473
1500,food-1500,food,55.00,480
1501,electronics-1501,electronics,56.37,487
1502,clothing-1502,clothing,57.74,494
1503,books-1503,books,59.11,0
1504,home-1504,home,60.48,7
1505,toys-1505,toys,61.85,14
1506,food-1506,food,63.22,21
1507,electronics-1507,electronics,64.59,28
1508,clothing-1508,clothing,65.96,35
1509,books-1509,books,67.33,42
1510,home-1510,home,68.70,49
1511,toys-1511,toys,70.07,56
1512,food-1512,food,71.44,63
1513,electronics-1513,electronics,72.81,70
1514,clothing-1514,clothing,74.18,77
1515,books-1515,books,75.55,84
1516,home-1516,home,76.92,91
1517,toys-1517,toys,78.29,98
1518,food-1518,food,79.66,105
1519,electronics-1519,electronics,81.03,112
1520,clothing-1520,clothing,82.40,119
1521,books-1521,books,83.77,126
1522,home-1522,home,85.14,133
1523,toys-1523,toys,86.51,140
1524,food-1524,food,87.88,147
1525,electronics-1525,electronics,89.25,154
1526,clothing-1526,clothing,90.62,161
1527,books-1527,books,91.99,168
1528,home-1528,home,93.36,175
1529,toys-1529,toys,94.73,182
1530,food-1530,food,96.10,189
1531,electronics-1531,electronics,97.47,196
1532,clothing-1532,clothing,98.84,203
1533,books-1533,books,0.21,210
1534,home-1534,home,1.58,217
1535,toys-1535,toys,2.95,224
1536,food-1536,food,4.32,231
1537,electronics-1537,electronics,5.69,238
1538,clothing-1538,clothing,7.06,245
1539,books-1539,books,8.43,252
1540,home-1540,home,9.80,259
1541,toys-1541,toys,11.17,266
1542,food-1542,food,12.54,273
1543,electronics-1543,electronics,13.91,280
1544,clothing-1544,clothing,15.28,287
1545,books-1545,books,16.65,294
1546,home-1546,home,18.02,301
1547,toys-1547,toys,19.39,308
1548,food-1548,food,20.76,315
1549,electronics-1549,electronics,22.13,322
1550,clothing-1550,clothing,23.50,329
1551,books-1551,books,24.87,336
1552,home-1552,home,26.24,343
1553,toys-1553,toys,27.61,350
1554,food-1554,food,28.98,357
1555,electronics-1555,electronics,30.35,364
1556,clothing-1556,clothing,31.72,371
1557,books-1557,books,33.09,378
1558,home-1558,home,34.46,385
1559,toys-1559,toys,35.83,392
1560,food-1560,food,37.20,399
1561,electronics-1561,electronics,38.57,406
1562,clothing-1562,clothing,39.94,413
1563,books-1563,books,41.31,420
1564,home-1564,home,42.68,427
1565,toys-1565,toys,44.05,434
1566,food-1566,food,45.42,441
1567,electronics-1567,electronics,46.79,448
1568,clothing-1568,clothing,48.16,455
1569,books-1569,books,49.53,462
1570,home-1570,home,50.90,469
1571,toys-1571,toys,52.27,476
1572,food-1572,food,53.64,483
1573,electronics-1573,electronics,55.01,490
1574,clothing-1574,clothing,56.38,497
1575,books-1575,books,57.75,3
1576,home-1576,home,59.12,10
1577,toys-1577,toys,60.49,17
1578,food-1578,food,61.86,24
1579,electronics-1579,electronics,63.23,31
1580,clothing-1580,clothing,64.60,38
1581,books-1581,books,65.97,45
1582,home-1582,home,67.34,52
1583,toys-1583,toys,68.71,59
1584,food-1584,food,70.08,66
1585,electronics-1585,electronics,71.45,73
1586,clothing-1586,clothing,72.82,80
1587,books-1587,books,74.19,87
1588,home-1588,home,75.56,94
1589,toys-1589,toys,76.93,101
1590,food-1590,food,78.30,108
1591,electronics-1591,electronics,79.67,115
1592,clothing-1592,clothing,81.04,122
1593,books-1593,books,82.41,129
1594,home-1594,home,83.78,136
1595,toys-1595,toys,85.15,143
1596,food-1596,food,86.52,150
1597,electronics-1597,electronics,87.89,157
1598,clothing-1598,clothing,89.26,164
1599,books-1599,books,90.63,171
1600,home-1600,home,92.00,178
1601,toys-1601,toys,93.37,185
1602,food-1602,food,94.74,192
1603,electronics-1603,electronics,96.11,199
1604,clothing-1604,clothing,97.48,206
1605,books-1605,books,98.85,213
1606,home-1606,home,0.22,220
1607,toys-1607,toys,1.59,227
1608,food-1608,food,2.96,234
1609,electronics-1609,electronics,4.33,241
1610,clothing-1610,clothing,5.70,248
1611,books-1611,books,7.07,255
1612,home-1612,home,8.44,262
1613,toys-1613,toys,9.81,269
1614,food-1614,food,11.18,276
1615,electronics-1615,electronics,12.55,283
1616,clothing-1616,clothing,13.92,290
1617,books-1617,books,15.29,297
1618,home-1618,home,16.66,304
1619,toys-1619,toys,18.03,311
1620,food-1620,food,19.40,318
1621,electronics-1621,electronics,20.77,325
1622,clothing-1622,clothing,22.14,332
1623,books-1623,books,23.51,339
1624,home-1624,home,24.88,346
1625,toys-1625,toys,26.25,353
1626,food-1626,food,27.62,360
1627,electronics-1627,electronics,28.99,367
1628,clothing-1628,clothing,30.36,374
1629,books-1629,books,31.73,381
1630,home-1630,home,33.10,388
1631,toys-1631,toys,34.47,395
1632,food-1632,food,35.84,402
1633,electronics-1633,electronics,37.21,409
1634,clothing-1634,clothing,38.58,416
1635,books-1635,books,39.95,423
1636,home-1636,home,41.32,430
1637,toys-1637,toys,42.69,437
1638,food-1638,food,44.06,444
1639,electronics-1639,electronics,45.43,451
1640,clothing-1640,clothing,46.80,458
1641,books-1641,books,48.17,465
1642,home-1642,home,49.54,472
1643,toys-1643,toys,50.91,479
1644,food-1644,food,52.28,486
1645,electronics-1645,electronics,53.65,493
1646,clothing-1646,clothing,55.02,500
1647,books-1647,books,56.39,6
1648,home-1648,home,57.76,13
1649,toys-1649,toys,59.13,20
1650,food-1650,food,60.50,27
1651,electronics-1651,electronics,61.87,34
1652,clothing-1652,clothing,63.24,41
1653,books-1653,books,64.61,48
1654,home-1654,home,65.98,55
1655,toys-1655,toys,67.35,62
1656,food-1656,food,68.72,69
1657,electronics-1657,electronics,70.09,76
1658,clothing-1658,clothing,71.46,83
1659,books-1659,books,72.83,90
1660,home-1660,home,74.20,97
1661,toys-1661,toys,75.57,104
1662,food-1662,food,76.94,111
1663,electronics-1663,electronics,78.31,118
1664,clothing-1664,clothing,79.68,125
1665,books-1665,books,81.05,132
1666,home-1666,home,82.42,139
1667,toys-1667,toys,83.79,146
1668,food-1668,food,85.16,153
1669,electronics-1669,electronics,86.53,160
1670,clothing-1670,clothing,87.90,167
1671,books-1671,books,89.27,174
1672,home-1672,home,90.64,181
1673,toys-1673,toys,92.01,188
1674,food-1674,food,93.38,195
1675,electronics-1675,electronics,94.75,202
1676,clothing-1676,clothing,96.12,209
1677,books-1677,books,97.49,216
1678,home-1678,home,98.86,223
1679,toys-1679,toys,0.23,230
1680,food-1680,food,1.60,237
1681,electronics-1681,electronics,2.97,244
1682,clothing-1682,clothing,4.34,251
1683,books-1683,books,5.71,258
1684,home-1684,home,7.08,265
1685,toys-1685,toys,8.45,272
1686,food-1686,food,9.82,279
1687,electronics-1687,electronics,11.19,286
1688,clothing-1688,clothing,12.56,293
1689,books-1689,books,13.93,300
1690,home-1690,home,15.30,307
1691,toys-1691,toys,16.67,314
1692,food-1692,food,18.04,321
1693,electronics-1693,electronics,19.41,328
1694,clothing-1694,clothing,20.78,335
1695,books-1695,books,22.15,342
1696,home-1696,home,23.52,349
1697,toys-1697,toys,24.89,356
1698,food-1698,food,26.26,363
1699,electronics-1699,electronics,27.63,370
1700,clothing-1700,clothing,29.00,377
1701,books-1701,books,30.37,384
1702,home-1702,home,31.74,391
1703,toys-1703,toys,33.11,398
1704,food-1704,food,34.48,405
1705,electronics-1705,electronics,35.85,412
1706,clothing-1706,clothing,37.22,419
1707,books-1707,books,38.59,426
1708,home-1708,home,39.96,433
1709,toys-1709,toys,41.33,440
1710,food-1710,food,42.70,447
1711,electronics-1711,electronics,44.07,454
1712,clothing-1712,clothing,45.44,461
1713,books-1713,books,46.81,468
1714,home-1714,home,48.18,475
1715,toys-1715,toys,49.55,482
1716,food-1716,food,50.92,489
1717,electronics-1717,electronics,52.29,496
1718,clothing-1718,clothing,53.66,2
1719,books-1719,books,55.03,9
1720,home-1720,home,56.40,16
1721,toys-1721,toys,57.77,23
1722,food-1722,food,59.14,30
1723,electronics-1723,electronics,60.51,37
1724,clothing-1724,clothing,61.88,44
1725,books-1725,books,63.25,51
1726,home-1726,home,64.62,58
1727,toys-1727,toys,65.99,65
1728,food-1728,food,67.36,72
1729,electronics-1729,electronics,68.73,79
1730,clothing-1730,clothing,70.10,86
1731,books-1731,books,71.47,93
1732,home-1732,home,72.84,100
1733,toys-1733,toys,74.21,107
1734,food-1734,food,75.58,114
1735,electronics-1735,electronics,76.95,121
1736,clothing-1736,clothing,78.32,128
1737,books-1737,books,79.69,135
1738,home-1738,home,81.06,142
1739,toys-1739,toys,82.43,149
1740,food-1740,food,83.80,156
1741,electronics-1741,electronics,85.17,163
1742,clothing-1742,clothing,86.54,170
1743,books-1743,books,87.91,177
1744,home-1744,home,89.28,184
1745,toys-1745,toys,90.65,191
1746,food-1746,food,92.02,198
1747,electronics-1747,electronics,93.39,205
1748,clothing-1748,clothing,94.76,212
1749,books-1749,books,96.13,219
1750,home-1750,home,97.50,226
1751,toys-1751,toys,98.87,233
1752,food-1752,food,0.24,240
1753,electronics-1753,electronics,1.61,247
1754,clothing-1754,clothing,2.98,254
1755,books-1755,books,4.35,261
1756,home-1756,home,5.72,268
1757,toys-1757,toys,7.09,275
1758,food-1758,food,8.46,282
1759,electronics-1759,electronics,9.83,289
1760,clothing-1760,clothing,11.20,296
1761,books-1761,books,12.57,303
1762,home-1762,home,13.94,310
1763,toys-1763,toys,15.31,317
1764,food-1764,food,16.68,324
1765,electronics-1765,electronics,18.05,331
1766,clothing-1766,clothing,19.42,338
1767,books-1767,books,20.79,345
1768,home-1768,home,22.16,352
1769,toys-1769,toys,23.53,359
1770,food-1770,food,24.90,366
1771,electronics-1771,electronics,26.27,373
1772,clothing-1772,clothing,27.64,380
1773,books-1773,books,29.01,387
1774,home-1774,home,30.38,394
1775,toys-1775,toys,31.75,401
1776,food-1776,food,33.12,408
1777,electronics-1777,electronics,34.49,415
1778,clothing-1778,clothing,35.86,422
1779,books-1779,books,37.23,429
1780,home-1780,home,38.60,436
1781,toys-1781,toys,39.97,443
1782,food-1782,food,41.34,450
1783,electronics-1783,electronics,42.71,457
1784,clothing-1784,clothing,44.08,464
1785,books-1785,books,45.45,471
1786,home-1786,home,46.82,478
1787,toys-1787,toys,48.19,485
1788,food-1788,food,49.56,492
1789,electronics-1789,electronics,50.93,499
1790,clothing-1790,clothing,52.30,5
1791,books-1791,books,53.67,12
1792,home-1792,home,55.04,19
1793,toys-1793,toys,56.41,26
1794,food-1794,food,57.78,33
1795,electronics-1795,electronics,59.15,40
1796,clothing-1796,clothing,60.52,47
1797,books-1797,books,61.89,54
1798,home-1798,home,63.26,61
1799,toys-1799,toys,64.63,68
1800,food-1800,food,66.00,75
1801,electronics-1801,electronics,67.37,82
1802,clothing-1802,clothing,68.74,89
1803,books-1803,books,70.11,96
1804,home-1804,home,71.48,103
1805,toys-1805,toys,72.85,110
1806,food-1806,food,74.22,117
1807,electronics-1807,electronics,75.59,124
1808,clothing-1808,clothing,76.96,131
1809,books-1809,books,78.33,138
1810,home-1810,home,79.70,145
1811,toys-1811,toys,81.07,152
1812,food-1812,food,82.44,159
1813,electronics-1813,electronics,83.81,166
1814,clothing-1814,clothing,85.18,173
1815,books-1815,books,86.55,180
1816,home-1816,home,87.92,187
1817,toys-1817,toys,89.29,194
1818,food-1818,food,90.66,201
1819,electronics-1819,electronics,92.03,208
1820,clothing-1820,clothing,93.40,215
1821,books-1821,books,94.77,222
1822,home-1822,home,96.14,229
1823,toys-1823,toys,97.51,236
1824,food-1824,food,98.88,243
1825,electronics-1825,electronics,0.25,250
1826,clothing-1826,clothing,1.62,257
1827,books-1827,books,2.99,264
1828,home-1828,home,4.36,271
1829,toys-1829,toys,5.73,278
1830,food-1830,food,7.10,285
1831,electronics-1831,electronics,8.47,292
1832,clothing-1832,clothing,9.84,299
1833,books-1833,books,11.21,306
1834,home-1834,home,12.58,313
1835,toys-1835,toys,13.95,320
1836,food-1836,food,15.32,327
1837,electronics-1837,electronics,16.69,334
1838,clothing-1838,clothing,18.06,341
1839,books-1839,books,19.43,348
1840,home-1840,home,20.80,355
1841,toys-1841,toys,22.17,362
1842,food-1842,food,23.54,369
1843,electronics-1843,electronics,24.91,376
1844,clothing-1844,clothing,26.28,383
1845,books-1845,books,27.65,390
1846,home-1846,home,29.02,397
1847,toys-1847,toys,30.39,404
1848,food-1848,food,31.76,411
1849,electronics-1849,electronics,33.13,418
1850,clothing-1850,clothing,34.50,425
1851,books-1851,books,35.87,432
1852,home-1852,home,37.24,439
1853,toys-1853,toys,38.61,446
1854,food-1854,food,39.98,453
1855,electronics-1855,electronics,41.35,460
1856,clothing-1856,clothing,42.72,467
1857,books-1857,books,44.09,474
1858,home-1858,home,45.46,481
1859,toys-1859,toys,46.83,488
1860,food-1860,food,48.20,495
1861,electronics-1861,electronics,49.57,1
1862,clothing-1862,clothing,50.94,8
1863,books-1863,books,52.31,15
1864,home-1864,home,53.68,22
1865,toys-1865,toys,55.05,29
1866,food-1866,food,56.42,36
1867,electronics-1867,electronics,57.79,43
1868,clothing-1868,clothing,59.16,50
1869,books-1869,books,60.53,57
1870,home-1870,home,61.90,64
1871,toys-1871,toys,63.27,71
1872,food-1872,food,64.64,78
1873,electronics-1873,electronics,66.01,85
1874,clothing-1874,clothing,67.38,92
1875,books-1875,books,68.75,99
1876,home-1876,home,70.12,106
1877,toys-1877,toys,71.49,113
1878,food-1878,food,72.86,120
1879,electronics-1879,electronics,74.23,127
1880,clothing-1880,clothing,75.60,134
1881,books-1881,books,76.97,141
1882,home-1882,home,78.34,148
1883,toys-1883,toys,79.71,155
1884,food-1884,food,81.08,162
1885,electronics-1885,electronics,82.45,169
1886,clothing-1886,clothing,83.82,176
1887,books-1887,books,85.19,183
1888,home-1888,home,86.56,190
1889,toys-1889,toys,87.93,197
1890,food-1890,food,89.30,204
1891,electronics-1891,electronics,90.67,211
1892,clothing-1892,clothing,92.04,218
1893,books-1893,books,93.41,225
1894,home-1894,home,94.78,232
1895,toys-1895,toys,96.15,239
1896,food-1896,food,97.52,246
1897,electronics-1897,electronics,98.89,253
1898,clothing-1898,clothing,0.26,260
1899,books-1899,books,1.63,267
1900,home-1900,home,3.00,274
1901,toys-1901,toys,4.37,281
1902,food-1902,food,5.74,288
1903,electronics-1903,electronics,7.11,295
1904,clothing-1904,clothing,8.48,302
1905,books-1905,books,9.85,309
1906,home-1906,home,11.22,316
1907,toys-1907,toys,12.59,323
1908,food-1908,food,13.96,330
1909,electronics-1909,electronics,15.33,337
1910,clothing-1910,clothing,16.70,344
1911,books-1911,books,18.07,351
1912,home-1912,home,19.44,358
1913,toys-1913,toys,20.81,365
1914,food-1914,food,22.18,372
1915,electronics-1915,electronics,23.55,379
1916,clothing-1916,clothing,24.92,386
1917,books-1917,books,26.29,393
1918,home-1918,home,27.66,400
1919,toys-1919,toys,29.03,407
1920,food-1920,food,30.40,414
1921,electronics-1921,electronics,31.77,421
1922,clothing-1922,clothing,33.14,428
1923,books-1923,books,34.51,435
1924,home-1924,home,35.88,442
1925,toys-1925,toys,37.25,449
1926,food-1926,food,38.62,456
1927,electronics-1927,electronics,39.99,463
1928,clothing-1928,clothing,41.36,470
1929,books-1929,books,42.73,477
1930,home-1930,home,44.10,484
1931,toys-1931,toys,45.47,491
1932,food-1932,food,46.84,498
1933,electronics-1933,electronics,48.21,4
1934,clothing-1934,clothing,49.58,11
1935,books-1935,books,50.95,18
1936,home-1936,home,52.32,25
1937,toys-1937,toys,53.69,32
1938,food-1938,food,55.06,39
1939,electronics-1939,electronics,56.43,46
1940,clothing-1940,clothing,57.80,53
1941,books-1941,books,59.17,60
1942,home-1942,home,60.54,67
1943,toys-1943,toys,61.91,74
1944,food-1944,food,63.28,81
1945,electronics-1945,electronics,64.65,88
1946,clothing-1946,clothing,66.02,95
1947,books-1947,books,67.39,102
1948,home-1948,home,68.76,109
1949,toys-1949,toys,70.13,116
1950,food-1950,food,71.50,123
1951,electronics-1951,electronics,72.87,130
1952,clothing-1952,clothing,74.24,137
1953,books-1953,books,75.61,144
1954,home-1954,home,76.98,151
1955,toys-1955,toys,78.35,158
1956,food-1956,food,79.72,165
1957,electronics-1957,electronics,81.09,172
1958,clothing-1958,clothing,82.46,179
1959,books-1959,books,83.83,186
1960,home-1960,home,85.20,193
1961,toys-1961,toys,86.57,200
1962,food-1962,food,87.94,207
1963,electronics-1963,electronics,89.31,214
1964,clothing-1964,clothing,90.68,221
1965,books-1965,books,92.05,228
1966,home-1966,home,93.42,235
1967,toys-1967,toys,94.79,242
1968,food-1968,food,96.16,249
1969,electronics-1969,electronics,97.53,256
1970,clothing-1970,clothing,98.90,263
1971,books-1971,books,0.27,270
1972,home-1972,home,1.64,277
1973,toys-1973,toys,3.01,284
1974,food-1974,food,4.38,291
1975,electronics-1975,electronics,5.75,298
1976,clothing-1976,clothing,7.12,305
1977,books-1977,books,8.49,312
1978,home-1978,home,9.86,319
1979,toys-1979,toys,11.23,326
1980,food-1980,food,12.60,333
1981,electronics-1981,electronics,13.97,340
1982,clothing-1982,clothing,15.34,347
1983,books-1983,books,16.71,354
1984,home-1984,home,18.08,361
1985,toys-1985,toys,19.45,368
1986,food-1986,food,20.82,375
1987,electronics-1987,electronics,22.19,382
1988,clothing-1988,clothing,23.56,389
1989,books-1989,books,24.93,396
1990,home-1990,home,26.30,403
1991,toys-1991,toys,27.67,410
1992,food-1992,food,29.04,417
1993,electronics-1993,electronics,30.41,424
1994,clothing-1994,clothing,31.78,431
1995,books-1995,books,33.15,438
1996,home-1996,home,34.52,445
1997,toys-1997,toys,35.89,452
1998,food-1998,food,37.26,459
1999,electronics-1999,electronics,38.63,466
2000,clothing-2000,clothing,40.00,473
2001,books-2001,books,41.37,480
2002,home-2002,home,42.74,487
2003,toys-2003,toys,44.11,494
2004,food-2004,food,45.48,0
2005,electronics-2005,electronics,46.85,7
2006,clothing-2006,clothing,48.22,14
2007,books-2007,books,49.59,21
2008,home-2008,home,50.96,28
2009,toys-2009,toys,52.33,35
2010,food-2010,food,53.70,42
2011,electronics-2011,electronics,55.07,49
2012,clothing-2012,clothing,56.44,56
2013,books-2013,books,57.81,63
2014,home-2014,home,59.18,70
2015,toys-2015,toys,60.55,77
2016,food-2016,food,61.92,84
2017,electronics-2017,electronics,63.29,91
2018,clothing-2018,clothing,64.66,98
2019,books-2019,books,66.03,105
2020,home-2020,home,67.40,112
2021,toys-2021,toys,68.77,119
2022,food-2022,food,70.14,126
2023,electronics-2023,electronics,71.51,133
2024,clothing-2024,clothing,72.88,140
2025,books-2025,books,74.25,147
2026,home-2026,home,75.62,154
2027,toys-2027,toys,76.99,161
2028,food-2028,food,78.36,168
2029,electronics-2029,electronics,79.73,175
2030,clothing-2030,clothing,81.10,182
2031,books-2031,books,82.47,189
2032,home-2032,home,83.84,196
2033,toys-2033,toys,85.21,203
2034,food-2034,food,86.58,210
2035,electronics-2035,electronics,87.95,217
2036,clothing-2036,clothing,89.32,224
2037,books-2037,books,90.69,231
2038,home-2038,home,92.06,238
2039,toys-2039,toys,93.43,245
2040,food-2040,food,94.80,252
2041,electronics-2041,electronics,96.17,259
2042,clothing-2042,clothing,97.54,266
2043,books-2043,books,98.91,273
2044,home-2044,home,0.28,280
2045,toys-2045,toys,1.65,287
2046,food-2046,food,3.02,294
2047,electronics-2047,electronics,4.39,301
2048,clothing-2048,clothing,5.76,308
2049,books-2049,books,7.13,315
2050,home-2050,home,8.50,322
2051,toys-2051,toys,9.87,329
2052,food-2052,food,11.24,336
2053,electronics-2053,electronics,12.61,343
2054,clothing-2054,clothing,13.98,350
2055,books-2055,books,15.35,357
2056,home-2056,home,16.72,364
2057,toys-2057,toys,18.09,371
2058,food-2058,food,19.46,378
2059,electronics-2059,electronics,20.83,385
2060,clothing-2060,clothing,22.20,392
2061,books-2061,books,23.57,399
2062,home-2062,home,24.94,406
2063,toys-2063,toys,26.31,413
2064,food-2064,food,27.68,420
2065,electronics-2065,electronics,29.05,427
2066,clothing-2066,clothing,30.42,434
2067,books-2067,books,31.79,441
2068,home-2068,home,33.16,448
2069,toys-2069,toys,34.53,455
2070,food-2070,food,35.90,462
2071,electronics-2071,electronics,37.27,469
2072,clothing-2072,clothing,38.64,476
2073,books-2073,books,40.01,483
2074,home-2074,home,41.38,490
2075,toys-2075,toys,42.75,497
2076,food-2076,food,44.12,3
2077,electronics-2077,electronics,45.49,10
2078,clothing-2078,clothing,46.86,17
2079,books-2079,books,48.23,24
2080,home-2080,home,49.60,31
2081,toys-2081,toys,50.97,38
2082,food-2082,food,52.34,45
2083,electronics-2083,electronics,53.71,52
2084,clothing-2084,clothing,55.08,59
2085,books-2085,books,56.45,66
2086,home-2086,home,57.82,73
2087,toys-2087,toys,59.19,80
2088,food-2088,food,60.56,87
2089,electronics-2089,electronics,61.93,94
2090,clothing-2090,clothing,63.30,101
2091,books-2091,books,64.67,108
2092,home-2092,home,66.04,115
2093,toys-2093,toys,67.41,122
2094,food-2094,food,68.78,129
2095,electronics-2095,electronics,70.15,136
2096,clothing-2096,clothing,71.52,143
2097,books-2097,books,72.89,150
2098,home-2098,home,74.26,157
2099,toys-2099,toys,75.63,164
2100,food-2100,food,77.00,171
2101,electronics-2101,electronics,78.37,178
2102,clothing-2102,clothing,79.74,185
2103,books-2103,books,81.11,192
2104,home-2104,home,82.48,199
2105,toys-2105,toys,83.85,206
2106,food-2106,food,85.22,213
2107,electronics-2107,electronics,86.59,220
2108,clothing-2108,clothing,87.96,227
2109,books-2109,books,89.33,234
2110,home-2110,home,90.70,241
2111,toys-2111,toys,92.07,248
2112,food-2112,food,93.44,255
2113,electronics-2113,electronics,94.81,262
2114,clothing-2114,clothing,96.18,269
2115,books-2115,books,97.55,276
2116,home-2116,home,98.92,283
2117,toys-2117,toys,0.29,290
2118,food-2118,food,1.66,297
2119,electronics-2119,electronics,3.03,304
2120,clothing-2120,clothing,4.40,311
2121,books-2121,books,5.77,318
2122,home-2122,home,7.14,325
2123,toys-2123,toys,8.51,332
2124,food-2124,food,9.88,339
2125,electronics-2125,electronics,11.25,346
2126,clothing-2126,clothing,12.62,353
2127,books-2127,books,13.99,360
2128,home-2128,home,15.36,367
2129,toys-2129,toys,16.73,374
2130,food-2130,food,18.10,381
2131,electronics-2131,electronics,19.47,388
2132,clothing-2132,clothing,20.84,395
2133,books-2133,books,22.21,402
2134,home-2134,home,23.58,409
2135,toys-2135,toys,24.95,416
2136,food-2136,food,26.32,423
2137,electronics-2137,electronics,27.69,430
2138,clothing-2138,clothing,29.06,437
2139,books-2139,books,30.43,444
2140,home-2140,home,31.80,451
2141,toys-2141,toys,33.17,458
2142,food-2142,food,34.54,465
2143,electronics-2143,electronics,35.91,472
2144,clothing-2144,clothing,37.28,479
2145,books-2145,books,38.65,486
2146,home-2146,home,40.02,493
2147,toys-2147,toys,41.39,500
2148,food-2148,food,42.76,6
2149,electronics-2149,electronics,44.13,13
2150,clothing-2150,clothing,45.50,20
2151,books-2151,books,46.87,27
2152,home-2152,home,48.24,34
2153,toys-2153,toys,49.61,41
2154,food-2154,food,50.98,48
2155,electronics-2155,electronics,52.35,55
2156,clothing-2156,clothing,53.72,62
2157,books-2157,books,55.09,69
2158,home-2158,home,56.46,76
2159,toys-2159,toys,57.83,83
2160,food-2160,food,59.20,90
2161,electronics-2161,electronics,60.57,97
2162,clothing-2162,clothing,61.94,104
2163,books-2163,books,63.31,111
2164,home-2164,home,64.68,118
2165,toys-2165,toys,66.05,125
2166,food-2166,food,67.42,132
2167,electronics-2167,electronics,68.79,139
2168,clothing-2168,clothing,70.16,146
2169,books-2169,books,71.53,153
2170,home-2170,home,72.90,160
2171,toys-2171,toys,74.27,167
2172,food-2172,food,75.64,174
2173,electronics-2173,electronics,77.01,181
2174,clothing-2174,clothing,78.38,188
2175,books-2175,books,79.75,195
2176,home-2176,home,81.12,202
2177,toys-2177,toys,82.49,209
2178,food-2178,food,83.86,216
2179,electronics-2179,electronics,85.23,223
2180,clothing-2180,clothing,86.60,230
2181,books-2181,books,87.97,237
2182,home-2182,home,89.34,244
2183,toys-2183,toys,90.71,251
2184,food-2184,food,92.08,258
2185,electronics-2185,electronics,93.45,265
2186,clothing-2186,clothing,94.82,272
2187,books-2187,books,96.19,279
2188,home-2188,home,97.56,286
2189,toys-2189,toys,98.93,293
2190,food-2190,food,0.30,300
2191,electronics-2191,electronics,1.67,307
2192,clothing-2192,clothing,3.04,314
2193,books-2193,books,4.41,321
2194,home-2194,home,5.78,328
2195,toys-2195,toys,7.15,335
2196,food-2196,food,8.52,342
2197,electronics-2197,electronics,9.89,349
2198,clothing-2198,clothing,11.26,356
2199,books-2199,books,12.63,363
2200,home-2200,home,14.00,370
2201,toys-2201,toys,15.37,377
2202,food-2202,food,16.74,384
2203,electronics-2203,electronics,18.11,391
2204,clothing-2204,clothing,19.48,398
2205,books-2205,books,20.85,405
2206,home-2206,home,22.22,412
2207,toys-2207,toys,23.59,419
2208,food-2208,food,24.96,426
2209,electronics-2209,electronics,26.33,433
2210,clothing-2210,clothing,27.70,440
2211,books-2211,books,29.07,447
2212,home-2212,home,30.44,454
2213,toys-2213,toys,31.81,461
2214,food-2214,food,33.18,468
2215,electronics-2215,electronics,34.55,475
2216,clothing-2216,clothing,35.92,482
2217,books-2217,books,37.29,489
2218,home-2218,home,38.66,496
2219,toys-2219,toys,40.03,2
2220,food-2220,food,41.40,9
2221,electronics-2221,electronics,42.77,16
2222,clothing-2222,clothing,44.14,23
2223,books-2223,books,45.51,30
2224,home-2224,home,46.88,37
2225,toys-2225,toys,48.25,44
2226,food-2226,food,49.62,51
2227,electronics-2227,electronics,50.99,58
2228,clothing-2228,clothing,52.36,65
2229,books-2229,books,53.73,72
2230,home-2230,home,55.10,79
2231,toys-2231,toys,56.47,86
2232,food-2232,food,57.84,93
2233,electronics-2233,electronics,59.21,100
2234,clothing-2234,clothing,60.58,107
2235,books-2235,books,61.95,114
2236,home-2236,home,63.32,121
2237,toys-2237,toys,64.69,128
2238,food-2238,food,66.06,135
2239,electronics-2239,electronics,67.43,142
2240,clothing-2240,clothing,68.80,149
2241,books-2241,books,70.17,156
2242,home-2242,home,71.54,163
2243,toys-2243,toys,72.91,170
2244,food-2244,food,74.28,177
2245,electronics-2245,electronics,75.65,184
2246,clothing-2246,clothing,77.02,191
2247,books-2247,books,78.39,198
2248,home-2248,home,79.76,205
2249,toys-2249,toys,81.13,212
2250,food-2250,food,82.50,219
2251,electronics-2251,electronics,83.87,226
2252,clothing-2252,clothing,85.24,233
2253,books-2253,books,86.61,240
2254,home-2254,home,87.98,247
2255,toys-2255,toys,89.35,254
2256,food-2256,food,90.72,261
2257,electronics-2257,electronics,92.09,268
2258,clothing-2258,clothing,93.46,275
2259,books-2259,books,94.83,282
2260,home-2260,home,96.20,289
2261,toys-2261,toys,97.57,296
2262,food-2262,food,98.94,303
2263,electronics-2263,electronics,0.31,310
2264,clothing-2264,clothing,1.68,317
2265,books-2265,books,3.05,324
2266,home-2266,home,4.42,331
2267,toys-2267,toys,5.79,338
2268,food-2268,food,7.16,345
2269,electronics-2269,electronics,8.53,352
2270,clothing-2270,clothing,9.90,359
2271,books-2271,books,11.27,366
2272,home-2272,home,12.64,373
2273,toys-2273,toys,14.01,380
2274,food-2274,food,15.38,387
2275,electronics-2275,electronics,16.75,394
2276,clothing-2276,clothing,18.12,401
2277,books-2277,books,19.49,408
2278,home-2278,home,20.86,415
2279,toys-2279,toys,22.23,422
2280,food-2280,food,23.60,429
2281,electronics-2281,electronics,24.97,436
2282,clothing-2282,clothing,26.34,443
2283,books-2283,books,27.71,450
2284,home-2284,home,29.08,457
2285,toys-2285,toys,30.45,464
2286,food-2286,food,31.82,471
2287,electronics-2287,electronics,33.19,478
2288,clothing-2288,clothing,34.56,485
2289,books-2289,books,35.93,492
2290,home-2290,home,37.30,499
2291,toys-2291,toys,38.67,5
2292,food-2292,food,40.04,12
2293,electronics-2293,electronics,41.41,19
2294,clothing-2294,clothing,42.78,26
2295,books-2295,books,44.15,33
2296,home-2296,home,45.52,40
2297,toys-2297,toys,46.89,47
2298,food-2298,food,48.26,54
2299,electronics-2299,electronics,49.63,61
2300,clothing-2300,clothing,51.00,68
2301,books-2301,books,52.37,75
2302,home-2302,home,53.74,82
2303,toys-2303,toys,55.11,89
2304,food-2304,food,56.48,96
2305,electronics-2305,electronics,57.85,103
2306,clothing-2306,clothing,59.22,110
2307,books-2307,books,60.59,117
2308,home-2308,home,61.96,124
2309,toys-2309,toys,63.33,131
2310,food-2310,food,64.70,138
2311,electronics-2311,electronics,66.07,145
2312,clothing-2312,clothing,67.44,152
2313,books-2313,books,68.81,159
2314,home-2314,home,70.18,166
2315,toys-2315,toys,71.55,173
2316,food-2316,food,72.92,180
2317,electronics-2317,electronics,74.29,187
2318,clothing-2318,clothing,75.66,194
2319,books-2319,books,77.03,201
2320,home-2320,home,78.40,208
2321,toys-2321,toys,79.77,215
2322,food-2322,food,81.14,222
2323,electronics-2323,electronics,82.51,229
2324,clothing-2324,clothing,83.88,236
2325,books-2325,books,85.25,243
2326,home-2326,home,86.62,250
2327,toys-2327,toys,87.99,257
2328,food-2328,food,89.36,264
2329,electronics-2329,electronics,90.73,271
2330,clothing-2330,clothing,92.10,278
2331,books-2331,books,93.47,285
2332,home-2332,home,94.84,292
2333,toys-2333,toys,96.21,299
2334,food-2334,food,97.58,306
2335,electronics-2335,electronics,98.95,313
2336,clothing-2336,clothing,0.32,320
2337,books-2337,books,1.69,327
2338,home-2338,home,3.06,334
2339,toys-2339,toys,4.43,341
2340,food-2340,food,5.80,348
2341,electronics-2341,electronics,7.17,355
2342,clothing-2342,clothing,8.54,362
2343,books-2343,books,9.91,369
2344,home-2344,home,11.28,376
2345,toys-2345,toys,12.65,383
2346,food-2346,food,14.02,390
2347,electronics-2347,electronics,15.39,397
2348,clothing-2348,clothing,16.76,404
2349,books-2349,books,18.13,411
2350,home-2350,home,19.50,418
2351,toys-2351,toys,20.87,425
2352,food-2352,food,22.24,432
2353,electronics-2353,electronics,23.61,439
2354,clothing-2354,clothing,24.98,446
2355,books-2355,books,26.35,453
2356,home-2356,home,27.72,460
2357,toys-2357,toys,29.09,467
2358,food-2358,food,30.46,474
2359,electronics-2359,electronics,31.83,481
2360,clothing-2360,clothing,33.20,488
2361,books-2361,books,34.57,495
2362,home-2362,home,35.94,1
2363,toys-2363,toys,37.31,8
2364,food-2364,food,38.68,15
2365,electronics-2365,electronics,40.05,22
2366,clothing-2366,clothing,41.42,29
2367,books-2367,books,42.79,36
2368,home-2368,home,44.16,43
2369,toys-2369,toys,45.53,50
2370,food-2370,food,46.90,57
2371,electronics-2371,electronics,48.27,64
2372,clothing-2372,clothing,49.64,71
2373,books-2373,books,51.01,78
2374,home-2374,home,52.38,85
2375,toys-2375,toys,53.75,92
2376,food-2376,food,55.12,99
2377,electronics-2377,electronics,56.49,106
2378,clothing-2378,clothing,57.86,113
2379,books-2379,books,59.23,120
2380,home-2380,home,60.60,127
2381,toys-2381,toys,61.97,134
2382,food-2382,food,63.34,141
2383,electronics-2383,electronics,64.71,148
2384,clothing-2384,clothing,66.08,155
2385,books-2385,books,67.45,162
2386,home-2386,home,68.82,169
2387,toys-2387,toys,70.19,176
2388,food-2388,food,71.56,183
2389,electronics-2389,electronics,72.93,190
2390,clothing-2390,clothing,74.30,197
2391,books-2391,books,75.67,204
2392,home-2392,home,77.04,211
2393,toys-2393,toys,78.41,218
2394,food-2394,food,79.78,225
2395,electronics-2395,electronics,81.15,232
2396,clothing-2396,clothing,82.52,239
2397,books-2397,books,83.89,246
2398,home-2398,home,85.26,253
2399,toys-2399,toys,86.63,260
2400,food-2400,food,88.00,267
2401,electronics-2401,electronics,89.37,274
2402,clothing-2402,clothing,90.74,281
2403,books-2403,books,92.11,288
2404,home-2404,home,93.48,295
2405,toys-2405,toys,94.85,302
2406,food-2406,food,96.22,309
2407,electronics-2407,electronics,97.59,316
2408,clothing-2408,clothing,98.96,323
2409,books-2409,books,0.33,330
2410,home-2410,home,1.70,337
2411,toys-2411,toys,3.07,344
2412,food-2412,food,4.44,351
2413,electronics-2413,electronics,5.81,358
2414,clothing-2414,clothing,7.18,365
2415,books-2415,books,8.55,372
2416,home-2416,home,9.92,379
2417,toys-2417,toys,11.29,386
2418,food-2418,food,12.66,393
2419,electronics-2419,electronics,14.03,400
2420,clothing-2420,clothing,15.40,407
2421,books-2421,books,16.77,414
2422,home-2422,home,18.14,421
2423,toys-2423,toys,19.51,428
2424,food-2424,food,20.88,435
2425,electronics-2425,electronics,22.25,442
2426,clothing-2426,clothing,23.62,449
2427,books-2427,books,24.99,456
2428,home-2428,home,26.36,463
2429,toys-2429,toys,27.73,470
2430,food-2430,food,29.10,477
2431,electronics-2431,electronics,30.47,484
2432,clothing-2432,clothing,31.84,491
2433,books-2433,books,33.21,498
2434,home-2434,home,34.58,4
2435,toys-2435,toys,35.95,11
2436,food-2436,food,37.32,18
2437,electronics-2437,electronics,38.69,25
2438,clothing-2438,clothing,40.06,32
2439,books-2439,books,41.43,39
2440,home-2440,home,42.80,46
2441,toys-2441,toys,44.17,53
2442,food-2442,food,45.54,60
2443,electronics-2443,electronics,46.91,67
2444,clothing-2444,clothing,48.28,74
2445,books-2445,books,49.65,81
2446,home-2446,home,51.02,88
2447,toys-2447,toys,52.39,95
2448,food-2448,food,53.76,102
2449,electronics-2449,electronics,55.13,109
2450,clothing-2450,clothing,56.50,116
2451,books-2451,books,57.87,123
2452,home-2452,home,59.24,130
2453,toys-2453,toys,60.61,137
2454,food-2454,food,61.98,144
2455,electronics-2455,electronics,63.35,151
2456,clothing-2456,clothing,64.72,158
2457,books-2457,books,66.09,165
2458,home-2458,home,67.46,172
2459,toys-2459,toys,68.83,179
2460,food-2460,food,70.20,186
2461,electronics-2461,electronics,71.57,193
2462,clothing-2462,clothing,72.94,200
2463,books-2463,books,74.31,207
2464,home-2464,home,75.68,214
2465,toys-2465,toys,77.05,221
2466,food-2466,food,78.42,228
2467,electronics-2467,electronics,79.79,235
2468,clothing-2468,clothing,81.16,242
2469,books-2469,books,82.53,249
2470,home-2470,home,83.90,256
2471,toys-2471,toys,85.27,263
2472,food-2472,food,86.64,270
2473,electronics-2473,electronics,88.01,277
2474,clothing-2474,clothing,89.38,284
2475,books-2475,books,90.75,291
2476,home-2476,home,92.12,298
2477,toys-2477,toys,93.49,305
2478,food-2478,food,94.86,312
2479,electronics-2479,electronics,96.23,319
2480,clothing-2480,clothing,97.60,326
2481,books-2481,books,98.97,333
2482,home-2482,home,0.34,340
2483,toys-2483,toys,1.71,347
2484,food-2484,food,3.08,354
2485,electronics-2485,electronics,4.45,361
2486,clothing-2486,clothing,5.82,368
2487,books-2487,books,7.19,375
2488,home-2488,home,8.56,382
2489,toys-2489,toys,9.93,389
2490,food-2490,food,11.30,396
2491,electronics-2491,electronics,12.67,403
2492,clothing-2492,clothing,14.04,410
2493,books-2493,books,15.41,417
2494,home-2494,home,16.78,424
2495,toys-2495,toys,18.15,431
2496,food-2496,food,19.52,438
2497,electronics-2497,electronics,20.89,445
2498,clothing-2498,clothing,22.26,452
2499,books-2499,books,23.63,459
2500,home-2500,home,25.00,466
2501,toys-2501,toys,26.37,473
2502,food-2502,food,27.74,480
2503,electronics-2503,electronics,29.11,487
2504,clothing-2504,clothing,30.48,494
2505,books-2505,books,31.85,0
2506,home-2506,home,33.22,7
2507,toys-2507,toys,34.59,14
2508,food-2508,food,35.96,21
2509,electronics-2509,electronics,37.33,28
2510,clothing-2510,clothing,38.70,35
2511,books-2511,books,40.07,42
2512,home-2512,home,41.44,49
2513,toys-2513,toys,42.81,56
2514,food-2514,food,44.18,63
2515,electronics-2515,electronics,45.55,70
2516,clothing-2516,clothing,46.92,77
2517,books-2517,books,48.29,84
2518,home-2518,home,49.66,91
2519,toys-2519,toys,51.03,98
2520,food-2520,food,52.40,105
2521,electronics-2521,electronics,53.77,112
2522,clothing-2522,clothing,55.14,119
2523,books-2523,books,56.51,126
2524,home-2524,home,57.88,133
2525,toys-2525,toys,59.25,140
2526,food-2526,food,60.62,147
2527,electronics-2527,electronics,61.99,154
2528,clothing-2528,clothing,63.36,161
2529,books-2529,books,64.73,168
2530,home-2530,home,66.10,175
2531,toys-2531,toys,67.47,182
2532,food-2532,food,68.84,189
2533,electronics-2533,electronics,70.21,196
2534,clothing-2534,clothing,71.58,203
2535,books-2535,books,72.95,210
2536,home-2536,home,74.32,217
2537,toys-2537,toys,75.69,224
2538,food-2538,food,77.06,231
2539,electronics-2539,electronics,78.43,238
2540,clothing-2540,clothing,79.80,245
2541,books-2541,books,81.17,252
2542,home-2542,home,82.54,259
2543,toys-2543,toys,83.91,266
2544,food-2544,food,85.28,273
2545,electronics-2545,electronics,86.65,280
2546,clothing-2546,clothing,88.02,287
2547,books-2547,books,89.39,294
2548,home-2548,home,90.76,301
2549,toys-2549,toys,92.13,308
2550,food-2550,food,93.50,315
2551,electronics-2551,electronics,94.87,322
2552,clothing-2552,clothing,96.24,329
2553,books-2553,books,97.61,336
2554,home-2554,home,98.98,343
2555,toys-2555,toys,0.35,350
2556,food-2556,food,1.72,357
2557,electronics-2557,electronics,3.09,364
2558,clothing-2558,clothing,4.46,371
2559,books-2559,books,5.83,378
2560,home-2560,home,7.20,385
2561,toys-2561,toys,8.57,392
2562,food-2562,food,9.94,399
2563,electronics-2563,electronics,11.31,406
2564,clothing-2564,clothing,12.68,413
2565,books-2565,books,14.05,420
2566,home-2566,home,15.42,427
2567,toys-2567,toys,16.79,434
2568,food-2568,food,18.16,441
2569,electronics-2569,electronics,19.53,448
2570,clothing-2570,clothing,20.90,455
2571,books-2571,books,22.27,462
2572,home-2572,home,23.64,469
2573,toys-2573,toys,25.01,476
2574,food-2574,food,26.38,483
2575,electronics-2575,electronics,27.75,490
2576,clothing-2576,clothing,29.12,497
2577,books-2577,books,30.49,3
2578,home-2578,home,31.86,10
2579,toys-2579,toys,33.23,17
2580,food-2580,food,34.60,24
2581,electronics-2581,electronics,35.97,31
2582,clothing-2582,clothing,37.34,38
2583,books-2583,books,38.71,45
2584,home-2584,home,40.08,52
2585,toys-2585,toys,41.45,59
2586,food-2586,food,42.82,66
2587,electronics-2587,electronics,44.19,73
2588,clothing-2588,clothing,45.56,80
2589,books-2589,books,46.93,87
2590,home-2590,home,48.30,94
2591,toys-2591,toys,49.67,101
2592,food-2592,food,51.04,108
2593,electronics-2593,electronics,52.41,115
2594,clothing-2594,clothing,53.78,122
2595,books-2595,books,55.15,129
2596,home-2596,home,56.52,136
2597,toys-2597,toys,57.89,143
2598,food-2598,food,59.26,150
2599,electronics-2599,electronics,60.63,157
2600,clothing-2600,clothing,62.00,164
2601,books-2601,books,63.37,171
2602,home-2602,home,64.74,178
2603,toys-2603,toys,66.11,185
2604,food-2604,food,67.48,192
2605,electronics-2605,electronics,68.85,199
2606,clothing-2606,clothing,70.22,206
2607,books-2607,books,71.59,213
2608,home-2608,home,72.96,220
2609,toys-2609,toys,74.33,227
2610,food-2610,food,75.70,234
2611,electronics-2611,electronics,77.07,241
2612,clothing-2612,clothing,78.44,248
2613,books-2613,books,79.81,255
2614,home-2614,home,81.18,262
2615,toys-2615,toys,82.55,269
2616,food-2616,food,83.92,276
2617,electronics-2617,electronics,85.29,283
2618,clothing-2618,clothing,86.66,290
2619,books-2619,books,88.03,297
2620,home-2620,home,89.40,304
2621,toys-2621,toys,90.77,311
2622,food-2622,food,92.14,318
2623,electronics-2623,electronics,93.51,325
2624,clothing-2624,clothing,94.88,332
2625,books-2625,books,96.25,339
2626,home-2626,home,97.62,346
2627,toys-2627,toys,98.99,353
2628,food-2628,food,0.36,360
2629,electronics-2629,electronics,1.73,367
2630,clothing-2630,clothing,3.10,374
2631,books-2631,books,4.47,381
2632,home-2632,home,5.84,388
2633,toys-2633,toys,7.21,395
2634,food-2634,food,8.58,402
2635,electronics-2635,electronics,9.95,409
2636,clothing-2636,clothing,11.32,416
2637,books-2637,books,12.69,423
2638,home-2638,home,14.06,430
2639,toys-2639,toys,15.43,437
2640,food-2640,food,16.80,444
2641,electronics-2641,electronics,18.17,451
2642,clothing-2642,clothing,19.54,458
2643,books-2643,books,20.91,465
2644,home-2644,home,22.28,472
2645,toys-2645,toys,23.65,479
2646,food-2646,food,25.02,486
2647,electronics-2647,electronics,26.39,493
2648,clothing-2648,clothing,27.76,500
2649,books-2649,books,29.13,6
2650,home-2650,home,30.50,13
2651,toys-2651,toys,31.87,20
2652,food-2652,food,33.24,27
2653,electronics-2653,electronics,34.61,34
2654,clothing-2654,clothing,35.98,41
2655,books-2655,books,37.35,48
2656,home-2656,home,38.72,55
2657,toys-2657,toys,40.09,62
2658,food-2658,food,41.46,69
2659,electronics-2659,electronics,42.83,76
2660,clothing-2660,clothing,44.20,83
2661,books-2661,books,45.57,90
2662,home-2662,home,46.94,97
2663,toys-2663,toys,48.31,104
2664,food-2664,food,49.68,111
2665,electronics-2665,electronics,51.05,118
2666,clothing-2666,clothing,52.42,125
2667,books-2667,books,53.79,132
2668,home-2668,home,55.16,139
2669,toys-2669,toys,56.53,146
2670,food-2670,food,57.90,153
2671,electronics-2671,electronics,59.27,160
2672,clothing-2672,clothing,60.64,167
2673,books-2673,books,62.01,174
2674,home-2674,home,63.38,181
2675,toys-2675,toys,64.75,188
2676,food-2676,food,66.12,195
2677,electronics-2677,electronics,67.49,202
2678,clothing-2678,clothing,68.86,209
2679,books-2679,books,70.23,216
2680,home-2680,home,71.60,223
2681,toys-2681,toys,72.97,230
2682,food-2682,food,74.34,237
2683,electronics-2683,electronics,75.71,244
2684,clothing-2684,clothing,77.08,251
2685,books-2685,books,78.45,258
2686,home-2686,home,79.82,265
2687,toys-2687,toys,81.19,272
2688,food-2688,food,82.56,279
2689,electronics-2689,electronics,83.93,286
2690,clothing-2690,clothing,85.30,293
2691,books-2691,books,86.67,300
2692,home-2692,home,88.04,307
2693,toys-2693,toys,89.41,314
2694,food-2694,food,90.78,321
2695,electronics-2695,electronics,92.15,328
2696,clothing-2696,clothing,93.52,335
2697,books-2697,books,94.89,342
2698,home-2698,home,96.26,349
2699,toys-2699,toys,97.63,356
2700,food-2700,food,99.00,363
2701,electronics-2701,electronics,0.37,370
2702,clothing-2702,clothing,1.74,377
2703,books-2703,books,3.11,384
2704,home-2704,home,4.48,391
2705,toys-2705,toys,5.85,398
2706,food-2706,food,7.22,405
2707,electronics-2707,electronics,8.59,412
2708,clothing-2708,clothing,9.96,419
2709,books-2709,books,11.33,426
2710,home-2710,home,12.70,433
2711,toys-2711,toys,14.07,440
2712,food-2712,food,15.44,447
2713,electronics-2713,electronics,16.81,454
2714,clothing-2714,clothing,18.18,461
2715,books-2715,books,19.55,468
2716,home-2716,home,20.92,475
2717,toys-2717,toys,22.29,482
2718,food-2718,food,23.66,489
2719,electronics-2719,electronics,25.03,496
2720,clothing-2720,clothing,26.40,2
2721,books-2721,books,27.77,9
2722,home-2722,home,29.14,16
2723,toys-2723,toys,30.51,23
2724,food-2724,food,31.88,30
2725,electronics-2725,electronics,33.25,37
2726,clothing-2726,clothing,34.62,44
2727,books-2727,books,35.99,51
2728,home-2728,home,37.36,58
2729,toys-2729,toys,38.73,65
2730,food-2730,food,40.10,72
2731,electronics-2731,electronics,41.47,79
2732,clothing-2732,clothing,42.84,86
2733,books-2733,books,44.21,93
2734,home-2734,home,45.58,100
2735,toys-2735,toys,46.95,107
2736,food-2736,food,48.32,114
2737,electronics-2737,electronics,49.69,121
2738,clothing-2738,clothing,51.06,128
2739,books-2739,books,52.43,135
2740,home-2740,home,53.80,142
2741,toys-2741,toys,55.17,149
2742,food-2742,food,56.54,156
2743,electronics-2743,electronics,57.91,163
2744,clothing-2744,clothing,59.28,170
2745,books-2745,books,60.65,177
2746,home-2746,home,62.02,184
2747,toys-2747,toys,63.39,191
2748,food-2748,food,64.76,198
2749,electronics-2749,electronics,66.13,205
2750,clothing-2750,clothing,67.50,212
2751,books-2751,books,68.87,219
2752,home-2752,home,70.24,226
2753,toys-2753,toys,71.61,233
2754,food-2754,food,72.98,240
2755,electronics-2755,electronics,74.35,247
2756,clothing-2756,clothing,75.72,254
2757,books-2757,books,77.09,261
2758,home-2758,home,78.46,268
2759,toys-2759,toys,79.83,275
2760,food-2760,food,81.20,282
2761,electronics-2761,electronics,82.57,289
2762,clothing-2762,clothing,83.94,296
2763,books-2763,books,85.31,303
2764,home-2764,home,86.68,310
2765,toys-2765,toys,88.05,317
2766,food-2766,food,89.42,324
2767,electronics-2767,electronics,90.79,331
2768,clothing-2768,clothing,92.16,338
2769,books-2769,books,93.53,345
2770,home-2770,home,94.90,352
2771,toys-2771,toys,96.27,359
2772,food-2772,food,97.64,366
2773,electronics-2773,electronics,99.01,373
2774,clothing-2774,clothing,0.38,380
2775,books-2775,books,1.75,387
2776,home-2776,home,3.12,394
2777,toys-2777,toys,4.49,401
2778,food-2778,food,5.86,408
2779,electronics-2779,electronics,7.23,415
2780,clothing-2780,clothing,8.60,422
2781,books-2781,books,9.97,429
2782,home-2782,home,11.34,436
2783,toys-2783,toys,12.71,443
2784,food-2784,food,14.08,450
2785,electronics-2785,electronics,15.45,457
2786,clothing-2786,clothing,16.82,464
2787,books-2787,books,18.19,471
2788,home-2788,home,19.56,478
2789,toys-2789,toys,20.93,485
2790,food-2790,food,22.30,492
2791,electronics-2791,electronics,23.67,499
2792,clothing-2792,clothing,25.04,5
2793,books-2793,books,26.41,12
2794,home-2794,home,27.78,19
2795,toys-2795,toys,29.15,26
2796,food-2796,food,30.52,33
2797,electronics-2797,electronics,31.89,40
2798,clothing-2798,clothing,33.26,47
2799,books-2799,books,34.63,54
2800,home-2800,home,36.00,61
2801,toys-2801,toys,37.37,68
2802,food-2802,food,38.74,75
2803,electronics-2803,electronics,40.11,82
2804,clothing-2804,clothing,41.48,89
2805,books-2805,books,42.85,96
2806,home-2806,home,44.22,103
2807,toys-2807,toys,45.59,110
2808,food-2808,food,46.96,117
2809,electronics-2809,electronics,48.33,124
2810,clothing-2810,clothing,49.70,131
2811,books-2811,books,51.07,138
2812,home-2812,home,52.44,145
2813,toys-2813,toys,53.81,152
2814,food-2814,food,55.18,159
2815,electronics-2815,electronics,56.55,166
2816,clothing-2816,clothing,57.92,173
2817,books-2817,books,59.29,180
2818,home-2818,home,60.66,187
2819,toys-2819,toys,62.03,194
2820,food-2820,food,63.40,201
2821,electronics-2821,electronics,64.77,208
2822,clothing-2822,clothing,66.14,215
2823,books-2823,books,67.51,222
2824,home-2824,home,68.88,229
2825,toys-2825,toys,70.25,236
2826,food-2826,food,71.62,243
2827,electronics-2827,electronics,72.99,250
2828,clothing-2828,clothing,74.36,257
2829,books-2829,books,75.73,264
2830,home-2830,home,77.10,271
2831,toys-2831,toys,78.47,278
2832,food-2832,food,79.84,285
2833,electronics-2833,electronics,81.21,292
2834,clothing-2834,clothing,82.58,299
2835,books-2835,books,83.95,306
2836,home-2836,home,85.32,313
2837,toys-2837,toys,86.69,320
2838,food-2838,food,88.06,327
2839,electronics-2839,electronics,89.43,334
2840,clothing-2840,clothing,90.80,341
2841,books-2841,books,92.17,348
2842,home-2842,home,93.54,355
2843,toys-2843,toys,94.91,362
2844,food-2844,food,96.28,369
2845,electronics-2845,electronics,97.65,376
2846,clothing-2846,clothing,99.02,383
2847,books-2847,books,0.39,390
2848,home-2848,home,1.76,397
2849,toys-2849,toys,3.13,404
2850,food-2850,food,4.50,411
2851,electronics-2851,electronics,5.87,418
2852,clothing-2852,clothing,7.24,425
2853,books-2853,books,8.61,432
2854,home-2854,home,9.98,439
2855,toys-2855,toys,11.35,446
2856,food-2856,food,12.72,453
2857,electronics-2857,electronics,14.09,460
2858,clothing-2858,clothing,15.46,467
2859,books-2859,books,16.83,474
2860,home-2860,home,18.20,481
2861,toys-2861,toys,19.57,488
2862,food-2862,food,20.94,495
2863,electronics-2863,electronics,22.31,1
2864,clothing-2864,clothing,23.68,8
2865,books-2865,books,25.05,15
2866,home-2866,home,26.42,22
2867,toys-2867,toys,27.79,29
2868,food-2868,food,29.16,36
2869,electronics-2869,electronics,30.53,43
2870,clothing-2870,clothing,31.90,50
2871,books-2871,books,33.27,57
2872,home-2872,home,34.64,64
2873,toys-2873,toys,36.01,71
2874,food-2874,food,37.38,78
2875,electronics-2875,electronics,38.75,85
2876,clothing-2876,clothing,40.12,92
2877,books-2877,books,41.49,99
2878,home-2878,home,42.86,106
2879,toys-2879,toys,44.23,113
2880,food-2880,food,45.60,120
2881,electronics-2881,electronics,46.97,127
2882,clothing-2882,clothing,48.34,134
2883,books-2883,books,49.71,141
2884,home-2884,home,51.08,148
2885,toys-2885,toys,52.45,155
2886,food-2886,food,53.82,162
2887,electronics-2887,electronics,55.19,169
2888,clothing-2888,clothing,56.56,176
2889,books-2889,books,57.93,183
2890,home-2890,home,59.30,190
2891,toys-2891,toys,60.67,197
2892,food-2892,food,62.04,204
2893,electronics-2893,electronics,63.41,211
2894,clothing-2894,clothing,64.78,218
2895,books-2895,books,66.15,225
2896,home-2896,home,67.52,232
2897,toys-2897,toys,68.89,239
2898,food-2898,food,70.26,246
2899,electronics-2899,electronics,71.63,253
2900,clothing-2900,clothing,73.00,260
2901,books-2901,books,74.37,267
2902,home-2902,home,75.74,274
2903,toys-2903,toys,77.11,281
2904,food-2904,food,78.48,288
2905,electronics-2905,electronics,79.85,295
2906,clothing-2906,clothing,81.22,302
2907,books-2907,books,82.59,309
2908,home-2908,home,83.96,316
2909,toys-2909,toys,85.33,323
2910,food-2910,food,86.70,330
2911,electronics-2911,electronics,88.07,337
2912,clothing-2912,clothing,89.44,344
2913,books-2913,books,90.81,351
2914,home-2914,home,92.18,358
2915,toys-2915,toys,93.55,365
2916,food-2916,food,94.92,372
2917,electronics-2917,electronics,96.29,379
2918,clothing-2918,clothing,97.66,386
2919,books-2919,books,99.03,393
2920,home-2920,home,0.40,400
2921,toys-2921,toys,1.77,407
2922,food-2922,food,3.14,414
2923,electronics-2923,electronics,4.51,421
2924,clothing-2924,clothing,5.88,428
2925,books-2925,books,7.25,435
2926,home-2926,home,8.62,442
2927,toys-2927,toys,9.99,449
2928,food-2928,food,11.36,456
2929,electronics-2929,electronics,12.73,463
2930,clothing-2930,clothing,14.10,470
2931,books-2931,books,15.47,477
2932,home-2932,home,16.84,484
2933,toys-2933,toys,18.21,491
2934,food-2934,food,19.58,498
2935,electronics-2935,electronics,20.95,4
2936,clothing-2936,clothing,22.32,11
2937,books-2937,books,23.69,18
2938,home-2938,home,25.06,25
2939,toys-2939,toys,26.43,32
2940,food-2940,food,27.80,39
2941,electronics-2941,electronics,29.17,46
2942,clothing-2942,clothing,30.54,53
2943,books-2943,books,31.91,60
2944,home-2944,home,33.28,67
2945,toys-2945,toys,34.65,74
2946,food-2946,food,36.02,81
2947,electronics-2947,electronics,37.39,88
2948,clothing-2948,clothing,38.76,95
2949,books-2949,books,40.13,102
2950,home-2950,home,41.50,109
2951,toys-2951,toys,42.87,116
2952,food-2952,food,44.24,123
2953,electronics-2953,electronics,45.61,130
2954,clothing-2954,clothing,46.98,137
2955,books-2955,books,48.35,144
2956,home-2956,home,49.72,151
2957,toys-2957,toys,51.09,158
2958,food-2958,food,52.46,165
2959,electronics-2959,electronics,53.83,172
2960,clothing-2960,clothing,55.20,179
2961,books-2961,books,56.57,186
2962,home-2962,home,57.94,193
2963,toys-2963,toys,59.31,200
2964,food-2964,food,60.68,207
2965,electronics-2965,electronics,62.05,214
2966,clothing-2966,clothing,63.42,221
2967,books-2967,books,64.79,228
2968,home-2968,home,66.16,235
2969,toys-2969,toys,67.53,242
2970,food-2970,food,68.90,249
2971,electronics-2971,electronics,70.27,256
2972,clothing-2972,clothing,71.64,263
2973,books-2973,books,73.01,270
2974,home-2974,home,74.38,277
2975,toys-2975,toys,75.75,284
2976,food-2976,food,77.12,291
2977,electronics-2977,electronics,78.49,298
2978,clothing-2978,clothing,79.86,305
2979,books-2979,books,81.23,312
2980,home-2980,home,82.60,319
2981,toys-2981,toys,83.97,326
2982,food-2982,food,85.34,333
2983,electronics-2983,electronics,86.71,340
2984,clothing-2984,clothing,88.08,347
2985,books-2985,books,89.45,354
2986,home-2986,home,90.82,361
2987,toys-2987,toys,92.19,368
2988,food-2988,food,93.56,375
2989,electronics-2989,electronics,94.93,382
2990,clothing-2990,clothing,96.30,389
2991,books-2991,books,97.67,396
2992,home-2992,home,99.04,403
2993,toys-2993,toys,0.41,410
2994,food-2994,food,1.78,417
2995,electronics-2995,electronics,3.15,424
2996,clothing-2996,clothing,4.52,431
2997,books-2997,books,5.89,438
2998,home-2998,home,7.26,445
2999,toys-2999,toys,8.63,452
3000,food-3000,food,10.00,459
3001,electronics-3001,electronics,11.37,466
3002,clothing-3002,clothing,12.74,473
3003,books-3003,books,14.11,480
3004,home-3004,home,15.48,487
3005,toys-3005,toys,16.85,494
3006,food-3006,food,18.22,0
3007,electronics-3007,electronics,19.59,7
3008,clothing-3008,clothing,20.96,14
3009,books-3009,books,22.33,21
3010,home-3010,home,23.70,28
3011,toys-3011,toys,25.07,35
3012,food-3012,food,26.44,42
3013,electronics-3013,electronics,27.81,49
3014,clothing-3014,clothing,29.18,56
3015,books-3015,books,30.55,63
3016,home-3016,home,31.92,70
3017,toys-3017,toys,33.29,77
3018,food-3018,food,34.66,84
3019,electronics-3019,electronics,36.03,91
3020,clothing-3020,clothing,37.40,98
3021,books-3021,books,38.77,105
3022,home-3022,home,40.14,112
3023,toys-3023,toys,41.51,119
3024,food-3024,food,42.88,126
3025,electronics-3025,electronics,44.25,133
3026,clothing-3026,clothing,45.62,140
3027,books-3027,books,46.99,147
3028,home-3028,home,48.36,154
3029,toys-3029,toys,49.73,161
3030,food-3030,food,51.10,168
3031,electronics-3031,electronics,52.47,175
3032,clothing-3032,clothing,53.84,182
3033,books-3033,books,55.21,189
3034,home-3034,home,56.58,196
3035,toys-3035,toys,57.95,203
3036,food-3036,food,59.32,210
3037,electronics-3037,electronics,60.69,217
3038,clothing-3038,clothing,62.06,224
3039,books-3039,books,63.43,231
3040,home-3040,home,64.80,238
3041,toys-3041,toys,66.17,245
3042,food-3042,food,67.54,252
3043,electronics-3043,electronics,68.91,259
3044,clothing-3044,clothing,70.28,266
3045,books-3045,books,71.65,273
3046,home-3046,home,73.02,280
3047,toys-3047,toys,74.39,287
3048,food-3048,food,75.76,294
3049,electronics-3049,electronics,77.13,301
3050,clothing-3050,clothing,78.50,308
3051,books-3051,books,79.87,315
3052,home-3052,home,81.24,322
3053,toys-3053,toys,82.61,329
3054,food-3054,food,83.98,336
3055,electronics-3055,electronics,85.35,343
3056,clothing-3056,clothing,86.72,350
3057,books-3057,books,88.09,357
3058,home-3058,home,89.46,364
3059,toys-3059,toys,90.83,371
3060,food-3060,food,92.20,378
3061,electronics-3061,electronics,93.57,385
3062,clothing-3062,clothing,94.94,392
3063,books-3063,books,96.31,399
3064,home-3064,home,97.68,406
3065,toys-3065,toys,99.05,413
3066,food-3066,food,0.42,420
3067,electronics-3067,electronics,1.79,427
3068,clothing-3068,clothing,3.16,434
3069,books-3069,books,4.53,441
3070,home-3070,home,5.90,448
3071,toys-3071,toys,7.27,455
3072,food-3072,food,8.64,462
3073,electronics-3073,electronics,10.01,469
3074,clothing-3074,clothing,11.38,476
3075,books-3075,books,12.75,483
3076,home-3076,home,14.12,490
3077,toys-3077,toys,15.49,497
3078,food-3078,food,16.86,3
3079,electronics-3079,electronics,18.23,10
3080,clothing-3080,clothing,19.60,17
3081,books-3081,books,20.97,24
3082,home-3082,home,22.34,31
3083,toys-3083,toys,23.71,38
3084,food-3084,food,25.08,45
3085,electronics-3085,electronics,26.45,52
3086,clothing-3086,clothing,27.82,59
3087,books-3087,books,29.19,66
3088,home-3088,home,30.56,73
3089,toys-3089,toys,31.93,80
3090,food-3090,food,33.30,87
3091,electronics-3091,electronics,34.67,94
3092,clothing-3092,clothing,36.04,101
3093,books-3093,books,37.41,108
3094,home-3094,home,38.78,115
3095,toys-3095,toys,40.15,122
3096,food-3096,food,41.52,129
3097,electronics-3097,electronics,42.89,136
3098,clothing-3098,clothing,44.26,143
3099,books-3099,books,45.63,150
3100,home-3100,home,47.00,157
3101,toys-3101,toys,48.37,164
3102,food-3102,food,49.74,171
3103,electronics-3103,electronics,51.11,178
3104,clothing-3104,clothing,52.48,185
3105,books-3105,books,53.85,192
3106,home-3106,home,55.22,199
3107,toys-3107,toys,56.59,206
3108,food-3108,food,57.96,213
3109,electronics-3109,electronics,59.33,220
3110,clothing-3110,clothing,60.70,227
3111,books-3111,books,62.07,234
3112,home-3112,home,63.44,241
3113,toys-3113,toys,64.81,248
3114,food-3114,food,66.18,255
3115,electronics-3115,electronics,67.55,262
3116,clothing-3116,clothing,68.92,269
3117,books-3117,books,70.29,276
3118,home-3118,home,71.66,283
3119,toys-3119,toys,73.03,290
3120,food-3120,food,74.40,297
3121,electronics-3121,electronics,75.77,304
3122,clothing-3122,clothing,77.14,311
3123,books-3123,books,78.51,318
3124,home-3124,home,79.88,325
3125,toys-3125,toys,81.25,332
3126,food-3126,food,82.62,339
3127,electronics-3127,electronics,83.99,346
3128,clothing-3128,clothing,85.36,353
3129,books-3129,books,86.73,360
3130,home-3130,home,88.10,367
3131,toys-3131,toys,89.47,374
3132,food-3132,food,90.84,381
3133,electronics-3133,electronics,92.21,388
3134,clothing-3134,clothing,93.58,395
3135,books-3135,books,94.95,402
3136,home-3136,home,96.32,409
3137,toys-3137,toys,97.69,416
3138,food-3138,food,99.06,423
3139,electronics-3139,electronics,0.43,430
3140,clothing-3140,clothing,1.80,437
3141,books-3141,books,3.17,444
3142,home-3142,home,4.54,451
3143,toys-3143,toys,5.91,458
3144,food-3144,food,7.28,465
3145,electronics-3145,electronics,8.65,472
3146,clothing-3146,clothing,10.02,479
3147,books-3147,books,11.39,486
3148,home-3148,home,12.76,493
3149,toys-3149,toys,14.13,500
3150,food-3150,food,15.50,6
3151,electronics-3151,electronics,16.87,13
3152,clothing-3152,clothing,18.24,20
3153,books-3153,books,19.61,27
3154,home-3154,home,20.98,34
3155,toys-3155,toys,22.35,41
3156,food-3156,food,23.72,48
3157,electronics-3157,electronics,25.09,55
3158,clothing-3158,clothing,26.46,62
3159,books-3159,books,27.83,69
3160,home-3160,home,29.20,76
3161,toys-3161,toys,30.57,83
3162,food-3162,food,31.94,90
3163,electronics-3163,electronics,33.31,97
3164,clothing-3164,clothing,34.68,104
3165,books-3165,books,36.05,111
3166,home-3166,home,37.42,118
3167,toys-3167,toys,38.79,125
3168,food-3168,food,40.16,132
3169,electronics-3169,electronics,41.53,139
3170,clothing-3170,clothing,42.90,146
3171,books-3171,books,44.27,153
3172,home-3172,home,45.64,160
3173,toys-3173,toys,47.01,167
3174,food-3174,food,48.38,174
3175,electronics-3175,electronics,49.75,181
3176,clothing-3176,clothing,51.12,188
3177,books-3177,books,52.49,195
3178,home-3178,home,53.86,202
3179,toys-3179,toys,55.23,209
3180,food-3180,food,56.60,216
3181,electronics-3181,electronics,57.97,223
3182,clothing-3182,clothing,59.34,230
3183,books-3183,books,60.71,237
3184,home-3184,home,62.08,244
3185,toys-3185,toys,63.45,251
3186,food-3186,food,64.82,258
3187,electronics-3187,electronics,66.19,265
3188,clothing-3188,clothing,67.56,272
3189,books-3189,books,68.93,279
3190,home-3190,home,70.30,286
3191,toys-3191,toys,71.67,293
3192,food-3192,food,73.04,300
3193,electronics-3193,electronics,74.41,307
3194,clothing-3194,clothing,75.78,314
3195,books-3195,books,77.15,321
3196,home-3196,home,78.52,328
3197,toys-3197,toys,79.89,335
3198,food-3198,food,81.26,342
3199,electronics-3199,electronics,82.63,349
3200,clothing-3200,clothing,84.00,356
3201,books-3201,books,85.37,363
3202,home-3202,home,86.74,370
3203,toys-3203,toys,88.11,377
3204,food-3204,food,89.48,384
3205,electronics-3205,electronics,90.85,391
3206,clothing-3206,clothing,92.22,398
3207,books-3207,books,93.59,405
3208,home-3208,home,94.96,412
3209,toys-3209,toys,96.33,419
3210,food-3210,food,97.70,426
3211,electronics-3211,electronics,99.07,433
3212,clothing-3212,clothing,0.44,440
3213,books-3213,books,1.81,447
3214,home-3214,home,3.18,454
3215,toys-3215,toys,4.55,461
3216,food-3216,food,5.92,468
3217,electronics-3217,electronics,7.29,475
3218,clothing-3218,clothing,8.66,482
3219,books-3219,books,10.03,489
3220,home-3220,home,11.40,496
3221,toys-3221,toys,12.77,2
3222,food-3222,food,14.14,9
3223,electronics-3223,electronics,15.51,16
3224,clothing-3224,clothing,16.88,23
3225,books-3225,books,18.25,30
3226,home-3226,home,19.62,37
3227,toys-3227,toys,20.99,44
3228,food-3228,food,22.36,51
3229,electronics-3229,electronics,23.73,58
3230,clothing-3230,clothing,25.10,65
3231,books-3231,books,26.47,72
3232,home-3232,home,27.84,79
3233,toys-3233,toys,29.21,86
3234,food-3234,food,30.58,93
3235,electronics-3235,electronics,31.95,100
3236,clothing-3236,clothing,33.32,107
3237,books-3237,books,34.69,114
3238,home-3238,home,36.06,121
3239,toys-3239,toys,37.43,128
3240,food-3240,food,38.80,135
3241,electronics-3241,electronics,40.17,142
3242,clothing-3242,clothing,41.54,149
3243,books-3243,books,42.91,156
3244,home-3244,home,44.28,163
3245,toys-3245,toys,45.65,170
3246,food-3246,food,47.02,177
3247,electronics-3247,electronics,48.39,184
3248,clothing-3248,clothing,49.76,191
3249,books-3249,books,51.13,198
3250,home-3250,home,52.50,205
3251,toys-3251,toys,53.87,212
3252,food-3252,food,55.24,219
3253,electronics-3253,electronics,56.61,226
3254,clothing-3254,clothing,57.98,233
3255,books-3255,books,59.35,240
3256,home-3256,home,60.72,247
3257,toys-3257,toys,62.09,254
3258,food-3258,food,63.46,261
3259,electronics-3259,electronics,64.83,268
3260,clothing-3260,clothing,66.20,275
3261,books-3261,books,67.57,282
3262,home-3262,home,68.94,289
3263,toys-3263,toys,70.31,296
3264,food-3264,food,71.68,303
3265,electronics-3265,electronics,73.05,310
3266,clothing-3266,clothing,74.42,317
3267,books-3267,books,75.79,324
3268,home-3268,home,77.16,331
3269,toys-3269,toys,78.53,338
3270,food-3270,food,79.90,345
3271,electronics-3271,electronics,81.27,352
3272,clothing-3272,clothing,82.64,359
3273,books-3273,books,84.01,366
3274,home-3274,home,85.38,373
3275,toys-3275,toys,86.75,380
3276,food-3276,food,88.12,387
3277,electronics-3277,electronics,89.49,394
3278,clothing-3278,clothing,90.86,401
3279,books-3279,books,92.23,408
3280,home-3280,home,93.60,415
3281,toys-3281,toys,94.97,422
3282,food-3282,food,96.34,429
3283,electronics-3283,electronics,97.71,436
3284,clothing-3284,clothing,99.08,443
3285,books-3285,books,0.45,450
3286,home-3286,home,1.82,457
3287,toys-3287,toys,3.19,464
3288,food-3288,food,4.56,471
3289,electronics-3289,electronics,5.93,478
3290,clothing-3290,clothing,7.30,485
3291,books-3291,books,8.67,492
3292,home-3292,home,10.04,499
3293,toys-3293,toys,11.41,5
3294,food-3294,food,12.78,12
3295,electronics-3295,electronics,14.15,19
3296,clothing-3296,clothing,15.52,26
3297,books-3297,books,16.89,33
3298,home-3298,home,18.26,40
3299,toys-3299,toys,19.63,47
3300,food-3300,food,21.00,54
3301,electronics-3301,electronics,22.37,61
3302,clothing-3302,clothing,23.74,68
3303,books-3303,books,25.11,75
3304,home-3304,home,26.48,82
3305,toys-3305,toys,27.85,89
3306,food-3306,food,29.22,96
3307,electronics-3307,electronics,30.59,103
3308,clothing-3308,clothing,31.96,110
3309,books-3309,books,33.33,117
3310,home-3310,home,34.70,124
3311,toys-3311,toys,36.07,131
3312,food-3312,food,37.44,138
3313,electronics-3313,electronics,38.81,145
3314,clothing-3314,clothing,40.18,152
3315,books-3315,books,41.55,159
3316,home-3316,home,42.92,166
3317,toys-3317,toys,44.29,173
3318,food-3318,food,45.66,180
3319,electronics-3319,electronics,47.03,187
3320,clothing-3320,clothing,48.40,194
3321,books-3321,books,49.77,201
3322,home-3322,home,51.14,208
3323,toys-3323,toys,52.51,215
3324,food-3324,food,53.88,222
3325,electronics-3325,electronics,55.25,229
3326,clothing-3326,clothing,56.62,236
3327,books-3327,books,57.99,243
3328,home-3328,home,59.36,250
3329,toys-3329,toys,60.73,257
3330,food-3330,food,62.10,264
3331,electronics-3331,electronics,63.47,271
3332,clothing-3332,clothing,64.84,278
3333,books-3333,books,66.21,285
3334,home-3334,home,67.58,292
3335,toys-3335,toys,68.95,299
3336,food-3336,food,70.32,306
3337,electronics-3337,electronics,71.69,313
3338,clothing-3338,clothing,73.06,320
3339,books-3339,books,74.43,327
3340,home-3340,home,75.80,334
3341,toys-3341,toys,77.17,341
3342,food-3342,food,78.54,348
3343,electronics-3343,electronics,79.91,355
3344,clothing-3344,clothing,81.28,362
3345,books-3345,books,82.65,369
3346,home-3346,home,84.02,376
3347,toys-3347,toys,85.39,383
3348,food-3348,food,86.76,390
3349,electronics-3349,electronics,88.13,397
3350,clothing-3350,clothing,89.50,404
3351,books-3351,books,90.87,411
3352,home-3352,home,92.24,418
3353,toys-3353,toys,93.61,425
3354,food-3354,food,94.98,432
3355,electronics-3355,electronics,96.35,439
3356,clothing-3356,clothing,97.72,446
3357,books-3357,books,99.09,453
3358,home-3358,home,0.46,460
3359,toys-3359,toys,1.83,467
3360,food-3360,food,3.20,474
3361,electronics-3361,electronics,4.57,481
3362,clothing-3362,clothing,5.94,488
3363,books-3363,books,7.31,495
3364,home-3364,home,8.68,1
3365,toys-3365,toys,10.05,8
3366,food-3366,food,11.42,15
3367,electronics-3367,electronics,12.79,22
3368,clothing-3368,clothing,14.16,29
3369,books-3369,books,15.53,36
3370,home-3370,home,16.90,43
3371,toys-3371,toys,18.27,50
3372,food-3372,food,19.64,57
3373,electronics-3373,electronics,21.01,64
3374,clothing-3374,clothing,22.38,71
3375,books-3375,books,23.75,78
3376,home-3376,home,25.12,85
3377,toys-3377,toys,26.49,92
3378,food-3378,food,27.86,99
3379,electronics-3379,electronics,29.23,106
3380,clothing-3380,clothing,30.60,113
3381,books-3381,books,31.97,120
3382,home-3382,home,33.34,127
3383,toys-3383,toys,34.71,134
3384,food-3384,food,36.08,141
3385,electronics-3385,electronics,37.45,148
3386,clothing-3386,clothing,38.82,155
3387,books-3387,books,40.19,162
3388,home-3388,home,41.56,169
3389,toys-3389,toys,42.93,176
3390,food-3390,food,44.30,183
3391,electronics-3391,electronics,45.67,190
3392,clothing-3392,clothing,47.04,197
3393,books-3393,books,48.41,204
3394,home-3394,home,49.78,211
3395,toys-3395,toys,51.15,218
3396,food-3396,food,52.52,225
3397,electronics-3397,electronics,53.89,232
3398,clothing-3398,clothing,55.26,239
3399,books-3399,books,56.63,246
3400,home-3400,home,58.00,253
3401,toys-3401,toys,59.37,260
3402,food-3402,food,60.74,267
3403,electronics-3403,electronics,62.11,274
3404,clothing-3404,clothing,63.48,281
3405,books-3405,books,64.85,288
3406,home-3406,home,66.22,295
3407,toys-3407,toys,67.59,302
3408,food-3408,food,68.96,309
3409,electronics-3409,electronics,70.33,316
3410,clothing-3410,clothing,71.70,323
3411,books-3411,books,73.07,330
3412,home-3412,home,74.44,337
3413,toys-3413,toys,75.81,344
3414,food-3414,food,77.18,351
3415,electronics-3415,electronics,78.55,358
3416,clothing-3416,clothing,79.92,365
3417,books-3417,books,81.29,372
3418,home-3418,home,82.66,379
3419,toys-3419,toys,84.03,386
3420,food-3420,food,85.40,393
3421,electronics-3421,electronics,86.77,400
3422,clothing-3422,clothing,88.14,407
3423,books-3423,books,89.51,414
3424,home-3424,home,90.88,421
3425,toys-3425,toys,92.25,428
3426,food-3426,food,93.62,435
3427,electronics-3427,electronics,94.99,442
3428,clothing-3428,clothing,96.36,449
3429,books-3429,books,97.73,456
3430,home-3430,home,99.10,463
3431,toys-3431,toys,0.47,470
3432,food-3432,food,1.84,477
3433,electronics-3433,electronics,3.21,484
3434,clothing-3434,clothing,4.58,491
3435,books-3435,books,5.95,498
3436,home-3436,home,7.32,4
3437,toys-3437,toys,8.69,11
3438,food-3438,food,10.06,18
3439,electronics-3439,electronics,11.43,25
3440,clothing-3440,clothing,12.80,32
3441,books-3441,books,14.17,39
3442,home-3442,home,15.54,46
3443,toys-3443,toys,16.91,53
3444,food-3444,food,18.28,60
3445,electronics-3445,electronics,19.65,67
3446,clothing-3446,clothing,21.02,74
3447,books-3447,books,22.39,81
3448,home-3448,home,23.76,88
3449,toys-3449,toys,25.13,95
3450,food-3450,food,26.50,102
3451,electronics-3451,electronics,27.87,109
3452,clothing-3452,clothing,29.24,116
3453,books-3453,books,30.61,123
3454,home-3454,home,31.98,130
3455,toys-3455,toys,33.35,137
3456,food-3456,food,34.72,144
3457,electronics-3457,electronics,36.09,151
3458,clothing-3458,clothing,37.46,158
3459,books-3459,books,38.83,165
3460,home-3460,home,40.20,172
3461,toys-3461,toys,41.57,179
3462,food-3462,food,42.94,186
3463,electronics-3463,electronics,44.31,193
3464,clothing-3464,clothing,45.68,200
3465,books-3465,books,47.05,207
3466,home-3466,home,48.42,214
3467,toys-3467,toys,49.79,221
3468,food-3468,food,51.16,228
3469,electronics-3469,electronics,52.53,235
3470,clothing-3470,clothing,53.90,242
3471,books-3471,books,55.27,249
3472,home-3472,home,56.64,256
3473,toys-3473,toys,58.01,263
3474,food-3474,food,59.38,270
3475,electronics-3475,electronics,60.75,277
3476,clothing-3476,clothing,62.12,284
3477,books-3477,books,63.49,291
3478,home-3478,home,64.86,298
3479,toys-3479,toys,66.23,305
3480,food-3480,food,67.60,312
3481,electronics-3481,electronics,68.97,319
3482,clothing-3482,clothing,70.34,326
3483,books-3483,books,71.71,333
3484,home-3484,home,73.08,340
3485,toys-3485,toys,74.45,347
3486,food-3486,food,75.82,354
3487,electronics-3487,electronics,77.19,361
3488,clothing-3488,clothing,78.56,368
3489,books-3489,books,79.93,375
3490,home-3490,home,81.30,382
3491,toys-3491,toys,82.67,389
3492,food-3492,food,84.04,396
3493,electronics-3493,electronics,85.41,403
3494,clothing-3494,clothing,86.78,410
3495,books-3495,books,88.15,417
3496,home-3496,home,89.52,424
3497,toys-3497,toys,90.89,431
3498,food-3498,food,92.26,438
3499,electronics-3499,electronics,93.63,445
3500,clothing-3500,clothing,95.00,452
3501,books-3501,books,96.37,459
3502,home-3502,home,97.74,466
3503,toys-3503,toys,99.11,473
3504,food-3504,food,0.48,480
3505,electronics-3505,electronics,1.85,487
3506,clothing-3506,clothing,3.22,494
3507,books-3507,books,4.59,0
3508,home-3508,home,5.96,7
3509,toys-3509,toys,7.33,14
3510,food-3510,food,8.70,21
3511,electronics-3511,electronics,10.07,28
3512,clothing-3512,clothing,11.44,35
3513,books-3513,books,12.81,42
3514,home-3514,home,14.18,49
3515,toys-3515,toys,15.55,56
3516,food-3516,food,16.92,63
3517,electronics-3517,electronics,18.29,70
3518,clothing-3518,clothing,19.66,77
3519,books-3519,books,21.03,84
3520,home-3520,home,22.40,91
3521,toys-3521,toys,23.77,98
3522,food-3522,food,25.14,105
3523,electronics-3523,electronics,26.51,112
3524,clothing-3524,clothing,27.88,119
3525,books-3525,books,29.25,126
3526,home-3526,home,30.62,133
3527,toys-3527,toys,31.99,140
3528,food-3528,food,33.36,147
3529,electronics-3529,electronics,34.73,154
3530,clothing-3530,clothing,36.10,161
3531,books-3531,books,37.47,168
3532,home-3532,home,38.84,175
3533,toys-3533,toys,40.21,182
3534,food-3534,food,41.58,189
3535,electronics-3535,electronics,42.95,196
3536,clothing-3536,clothing,44.32,203
3537,books-3537,books,45.69,210
3538,home-3538,home,47.06,217
3539,toys-3539,toys,48.43,224
3540,food-3540,food,49.80,231
3541,electronics-3541,electronics,51.17,238
3542,clothing-3542,clothing,52.54,245
3543,books-3543,books,53.91,252
3544,home-3544,home,55.28,259
3545,toys-3545,toys,56.65,266
3546,food-3546,food,58.02,273
3547,electronics-3547,electronics,59.39,280
3548,clothing-3548,clothing,60.76,287
3549,books-3549,books,62.13,294
3550,home-3550,home,63.50,301
3551,toys-3551,toys,64.87,308
3552,food-3552,food,66.24,315
3553,electronics-3553,electronics,67.61,322
3554,clothing-3554,clothing,68.98,329
3555,books-3555,books,70.35,336
3556,home-3556,home,71.72,343
3557,toys-3557,toys,73.09,350
3558,food-3558,food,74.46,357
3559,electronics-3559,electronics,75.83,364
3560,clothing-3560,clothing,77.20,371
3561,books-3561,books,78.57,378
3562,home-3562,home,79.94,385
3563,toys-3563,toys,81.31,392
3564,food-3564,food,82.68,399
3565,electronics-3565,electronics,84.05,406
3566,clothing-3566,clothing,85.42,413
3567,books-3567,books,86.79,420
3568,home-3568,home,88.16,427
3569,toys-3569,toys,89.53,434
3570,food-3570,food,90.90,441
3571,electronics-3571,electronics,92.27,448
3572,clothing-3572,clothing,93.64,455
3573,books-3573,books,95.01,462
3574,home-3574,home,96.38,469
3575,toys-3575,toys,97.75,476
3576,food-3576,food,99.12,483
3577,electronics-3577,electronics,0.49,490
3578,clothing-3578,clothing,1.86,497
3579,books-3579,books,3.23,3
3580,home-3580,home,4.60,10
3581,toys-3581,toys,5.97,17
3582,food-3582,food,7.34,24
3583,electronics-3583,electronics,8.71,31
3584,clothing-3584,clothing,10.08,38
3585,books-3585,books,11.45,45
3586,home-3586,home,12.82,52
3587,toys-3587,toys,14.19,59
3588,food-3588,food,15.56,66
3589,electronics-3589,electronics,16.93,73
3590,clothing-3590,clothing,18.30,80
3591,books-3591,books,19.67,87
3592,home-3592,home,21.04,94
3593,toys-3593,toys,22.41,101
3594,food-3594,food,23.78,108
3595,electronics-3595,electronics,25.15,115
3596,clothing-3596,clothing,26.52,122
3597,books-3597,books,27.89,129
3598,home-3598,home,29.26,136
3599,toys-3599,toys,30.63,143
3600,food-3600,food,32.00,150
3601,electronics-3601,electronics,33.37,157
3602,clothing-3602,clothing,34.74,164
3603,books-3603,books,36.11,171
3604,home-3604,home,37.48,178
3605,toys-3605,toys,38.85,185
3606,food-3606,food,40.22,192
3607,electronics-3607,electronics,41.59,199
3608,clothing-3608,clothing,42.96,206
3609,books-3609,books,44.33,213
3610,home-3610,home,45.70,220
3611,toys-3611,toys,47.07,227
3612,food-3612,food,48.44,234
3613,electronics-3613,electronics,49.81,241
3614,clothing-3614,clothing,51.18,248
3615,books-3615,books,52.55,255
3616,home-3616,home,53.92,262
3617,toys-3617,toys,55.29,269
3618,food-3618,food,56.66,276
3619,electronics-3619,electronics,58.03,283
3620,clothing-3620,clothing,59.40,290
3621,books-3621,books,60.77,297
3622,home-3622,home,62.14,304
3623,toys-3623,toys,63.51,311
3624,food-3624,food,64.88,318
3625,electronics-3625,electronics,66.25,325
3626,clothing-3626,clothing,67.62,332
3627,books-3627,books,68.99,339
3628,home-3628,home,70.36,346
3629,toys-3629,toys,71.73,353
3630,food-3630,food,73.10,360
3631,electronics-3631,electronics,74.47,367
3632,clothing-3632,clothing,75.84,374
3633,books-3633,books,77.21,381
3634,home-3634,home,78.58,388
3635,toys-3635,toys,79.95,395
3636,food-3636,food,81.32,402
3637,electronics-3637,electronics,82.69,409
3638,clothing-3638,clothing,84.06,416
3639,books-3639,books,85.43,423
3640,home-3640,home,86.80,430
3641,toys-3641,toys,88.17,437
3642,food-3642,food,89.54,444
3643,electronics-3643,electronics,90.91,451
3644,clothing-3644,clothing,92.28,458
3645,books-3645,books,93.65,465
3646,home-3646,home,95.02,472
3647,toys-3647,toys,96.39,479
3648,food-3648,food,97.76,486
3649,electronics-3649,electronics,99.13,493
3650,clothing-3650,clothing,0.50,500
3651,books-3651,books,1.87,6
3652,home-3652,home,3.24,13
3653,toys-3653,toys,4.61,20
3654,food-3654,food,5.98,27
3655,electronics-3655,electronics,7.35,34
3656,clothing-3656,clothing,8.72,41
3657,books-3657,books,10.09,48
3658,home-3658,home,11.46,55
3659,toys-3659,toys,12.83,62
3660,food-3660,food,14.20,69
3661,electronics-3661,electronics,15.57,76
3662,clothing-3662,clothing,16.94,83
3663,books-3663,books,18.31,90
3664,home-3664,home,19.68,97
3665,toys-3665,toys,21.05,104
3666,food-3666,food,22.42,111
3667,electronics-3667,electronics,23.79,118
3668,clothing-3668,clothing,25.16,125
3669,books-3669,books,26.53,132
3670,home-3670,home,27.90,139
3671,toys-3671,toys,29.27,146
3672,food-3672,food,30.64,153
3673,electronics-3673,electronics,32.01,160
3674,clothing-3674,clothing,33.38,167
3675,books-3675,books,34.75,174
3676,home-3676,home,36.12,181
3677,toys-3677,toys,37.49,188
3678,food-3678,food,38.86,195
3679,electronics-3679,electronics,40.23,202
3680,clothing-3680,clothing,41.60,209
3681,books-3681,books,42.97,216
3682,home-3682,home,44.34,223
3683,toys-3683,toys,45.71,230
3684,food-3684,food,47.08,237
3685,electronics-3685,electronics,48.45,244
3686,clothing-3686,clothing,49.82,251
3687,books-3687,books,51.19,258
3688,home-3688,home,52.56,265
3689,toys-3689,toys,53.93,272
3690,food-3690,food,55.30,279
3691,electronics-3691,electronics,56.67,286
3692,clothing-3692,clothing,58.04,293
3693,books-3693,books,59.41,300
3694,home-3694,home,60.78,307
3695,toys-3695,toys,62.15,314
3696,food-3696,food,63.52,321
3697,electronics-3697,electronics,64.89,328
3698,clothing-3698,clothing,66.26,335
3699,books-3699,books,67.63,342
3700,home-3700,home,69.00,349
3701,toys-3701,toys,70.37,356
3702,food-3702,food,71.74,363
3703,electronics-3703,electronics,73.11,370
3704,clothing-3704,clothing,74.48,377
3705,books-3705,books,75.85,384
3706,home-3706,home,77.22,391
3707,toys-3707,toys,78.59,398
3708,food-3708,food,79.96,405
3709,electronics-3709,electronics,81.33,412
3710,clothing-3710,clothing,82.70,419
3711,books-3711,books,84.07,426
3712,home-3712,home,85.44,433
3713,toys-3713,toys,86.81,440
3714,food-3714,food,88.18,447
3715,electronics-3715,electronics,89.55,454
3716,clothing-3716,clothing,90.92,461
3717,books-3717,books,92.29,468
3718,home-3718,home,93.66,475
3719,toys-3719,toys,95.03,482
3720,food-3720,food,96.40,489
3721,electronics-3721,electronics,97.77,496
3722,clothing-3722,clothing,99.14,2
3723,books-3723,books,0.51,9
3724,home-3724,home,1.88,16
3725,toys-3725,toys,3.25,23
3726,food-3726,food,4.62,30
3727,electronics-3727,electronics,5.99,37
3728,clothing-3728,clothing,7.36,44
3729,books-3729,books,8.73,51
3730,home-3730,home,10.10,58
3731,toys-3731,toys,11.47,65
3732,food-3732,food,12.84,72
3733,electronics-3733,electronics,14.21,79
3734,clothing-3734,clothing,15.58,86
3735,books-3735,books,16.95,93
3736,home-3736,home,18.32,100
3737,toys-3737,toys,19.69,107
3738,food-3738,food,21.06,114
3739,electronics-3739,electronics,22.43,121
3740,clothing-3740,clothing,23.80,128
3741,books-3741,books,25.17,135
3742,home-3742,home,26.54,142
3743,toys-3743,toys,27.91,149
3744,food-3744,food,29.28,156
3745,electronics-3745,electronics,30.65,163
3746,clothing-3746,clothing,32.02,170
3747,books-3747,books,33.39,177
3748,home-3748,home,34.76,184
3749,toys-3749,toys,36.13,191
3750,food-3750,food,37.50,198
3751,electronics-3751,electronics,38.87,205
3752,clothing-3752,clothing,40.24,212
3753,books-3753,books,41.61,219
3754,home-3754,home,42.98,226
3755,toys-3755,toys,44.35,233
3756,food-3756,food,45.72,240
3757,electronics-3757,electronics,47.09,247
3758,clothing-3758,clothing,48.46,254
3759,books-3759,books,49.83,261
3760,home-3760,home,51.20,268
3761,toys-3761,toys,52.57,275
3762,food-3762,food,53.94,282
3763,electronics-3763,electronics,55.31,289
3764,clothing-3764,clothing,56.68,296
3765,books-3765,books,58.05,303
3766,home-3766,home,59.42,310
3767,toys-3767,toys,60.79,317
3768,food-3768,food,62.16,324
3769,electronics-3769,electronics,63.53,331
3770,clothing-3770,clothing,64.90,338
3771,books-3771,books,66.27,345
3772,home-3772,home,67.64,352
3773,toys-3773,toys,69.01,359
3774,food-3774,food,70.38,366
3775,electronics-3775,electronics,71.75,373
3776,clothing-3776,clothing,73.12,380
3777,books-3777,books,74.49,387
3778,home-3778,home,75.86,394
3779,toys-3779,toys,77.23,401
3780,food-3780,food,78.60,408
3781,electronics-3781,electronics,79.97,415
3782,clothing-3782,clothing,81.34,422
3783,books-3783,books,82.71,429
3784,home-3784,home,84.08,436
3785,toys-3785,toys,85.45,443
3786,food-3786,food,86.82,450
3787,electronics-3787,electronics,88.19,457
3788,clothing-3788,clothing,89.56,464
3789,books-3789,books,90.93,471
3790,home-3790,home,92.30,478
3791,toys-3791,toys,93.67,485
3792,food-3792,food,95.04,492
3793,electronics-3793,electronics,96.41,499
3794,clothing-3794,clothing,97.78,5
3795,books-3795,books,99.15,12
3796,home-3796,home,0.52,19
3797,toys-3797,toys,1.89,26
3798,food-3798,food,3.26,33
3799,electronics-3799,electronics,4.63,40
3800,clothing-3800,clothing,6.00,47
3801,books-3801,books,7.37,54
3802,home-3802,home,8.74,61
3803,toys-3803,toys,10.11,68
3804,food-3804,food,11.48,75
3805,electronics-3805,electronics,12.85,82
3806,clothing-3806,clothing,14.22,89
3807,books-3807,books,15.59,96
3808,home-3808,home,16.96,103
3809,toys-3809,toys,18.33,110
3810,food-3810,food,19.70,117
3811,electronics-3811,electronics,21.07,124
3812,clothing-3812,clothing,22.44,131
3813,books-3813,books,23.81,138
3814,home-3814,home,25.18,145
3815,toys-3815,toys,26.55,152
3816,food-3816,food,27.92,159
3817,electronics-3817,electronics,29.29,166
3818,clothing-3818,clothing,30.66,173
3819,books-3819,books,32.03,180
3820,home-3820,home,33.40,187
3821,toys-3821,toys,34.77,194
3822,food-3822,food,36.14,201
3823,electronics-3823,electronics,37.51,208
3824,clothing-3824,clothing,38.88,215
3825,books-3825,books,40.25,222
3826,home-3826,home,41.62,229
3827,toys-3827,toys,42.99,236
3828,food-3828,food,44.36,243
3829,electronics-3829,electronics,45.73,250
3830,clothing-3830,clothing,47.10,257
3831,books-3831,books,48.47,264
3832,home-3832,home,49.84,271
3833,toys-3833,toys,51.21,278
3834,food-3834,food,52.58,285
3835,electronics-3835,electronics,53.95,292
3836,clothing-3836,clothing,55.32,299
3837,books-3837,books,56.69,306
3838,home-3838,home,58.06,313
3839,toys-3839,toys,59.43,320
3840,food-3840,food,60.80,327
3841,electronics-3841,electronics,62.17,334
3842,clothing-3842,clothing,63.54,341
3843,books-3843,books,64.91,348
3844,home-3844,home,66.28,355
3845,toys-3845,toys,67.65,362
3846,food-3846,food,69.02,369
3847,electronics-3847,electronics,70.39,376
3848,clothing-3848,clothing,71.76,383
3849,books-3849,books,73.13,390
3850,home-3850,home,74.50,397
3851,toys-3851,toys,75.87,404
3852,food-3852,food,77.24,411
3853,electronics-3853,electronics,78.61,418
3854,clothing-3854,clothing,79.98,425
3855,books-3855,books,81.35,432
3856,home-3856,home,82.72,439
3857,toys-3857,toys,84.09,446
3858,food-3858,food,85.46,453
3859,electronics-3859,electronics,86.83,460
3860,clothing-3860,clothing,88.20,467
3861,books-3861,books,89.57,474
3862,home-3862,home,90.94,481
3863,toys-3863,toys,92.31,488
3864,food-3864,food,93.68,495
3865,electronics-3865,electronics,95.05,1
3866,clothing-3866,clothing,96.42,8
3867,books-3867,books,97.79,15
3868,home-3868,home,99.16,22
3869,toys-3869,toys,0.53,29
3870,food-3870,food,1.90,36
3871,electronics-3871,electronics,3.27,43
3872,clothing-3872,clothing,4.64,50
3873,books-3873,books,6.01,57
3874,home-3874,home,7.38,64
3875,toys-3875,toys,8.75,71
3876,food-3876,food,10.12,78
3877,electronics-3877,electronics,11.49,85
3878,clothing-3878,clothing,12.86,92
3879,books-3879,books,14.23,99
3880,home-3880,home,15.60,106
3881,toys-3881,toys,16.97,113
3882,food-3882,food,18.34,120
3883,electronics-3883,electronics,19.71,127
3884,clothing-3884,clothing,21.08,134
3885,books-3885,books,22.45,141
3886,home-3886,home,23.82,148
3887,toys-3887,toys,25.19,155
3888,food-3888,food,26.56,162
3889,electronics-3889,electronics,27.93,169
3890,clothing-3890,clothing,29.30,176
3891,books-3891,books,30.67,183
3892,home-3892,home,32.04,190
3893,toys-3893,toys,33.41,197
3894,food-3894,food,34.78,204
3895,electronics-3895,electronics,36.15,211
3896,clothing-3896,clothing,37.52,218
3897,books-3897,books,38.89,225
3898,home-3898,home,40.26,232
3899,toys-3899,toys,41.63,239
3900,food-3900,food,43.00,246
3901,electronics-3901,electronics,44.37,253
3902,clothing-3902,clothing,45.74,260
3903,books-3903,books,47.11,267
3904,home-3904,home,48.48,274
3905,toys-3905,toys,49.85,281
3906,food-3906,food,51.22,288
3907,electronics-3907,electronics,52.59,295
3908,clothing-3908,clothing,53.96,302
3909,books-3909,books,55.33,309
3910,home-3910,home,56.70,316
3911,toys-3911,toys,58.07,323
3912,food-3912,food,59.44,330
3913,electronics-3913,electronics,60.81,337
3914,clothing-3914,clothing,62.18,344
3915,books-3915,books,63.55,351
3916,home-3916,home,64.92,358
3917,toys-3917,toys,66.29,365
3918,food-3918,food,67.66,372
3919,electronics-3919,electronics,69.03,379
3920,clothing-3920,clothing,70.40,386
3921,books-3921,books,71.77,393
3922,home-3922,home,73.14,400
3923,toys-3923,toys,74.51,407
3924,food-3924,food,75.88,414
3925,electronics-3925,electronics,77.25,421
3926,clothing-3926,clothing,78.62,428
3927,books-3927,books,79.99,435
3928,home-3928,home,81.36,442
3929,toys-3929,toys,82.73,449
3930,food-3930,food,84.10,456
3931,electronics-3931,electronics,85.47,463
3932,clothing-3932,clothing,86.84,470
3933,books-3933,books,88.21,477
3934,home-3934,home,89.58,484
3935,toys-3935,toys,90.95,491
3936,food-3936,food,92.32,498
3937,electronics-3937,electronics,93.69,4
3938,clothing-3938,clothing,95.06,11
3939,books-3939,books,96.43,18
3940,home-3940,home,97.80,25
3941,toys-3941,toys,99.17,32
3942,food-3942,food,0.54,39
3943,electronics-3943,electronics,1.91,46
3944,clothing-3944,clothing,3.28,53
3945,books-3945,books,4.65,60
3946,home-3946,home,6.02,67
3947,toys-3947,toys,7.39,74
3948,food-3948,food,8.76,81
3949,electronics-3949,electronics,10.13,88
3950,clothing-3950,clothing,11.50,95
3951,books-3951,books,12.87,102
3952,home-3952,home,14.24,109
3953,toys-3953,toys,15.61,116
3954,food-3954,food,16.98,123
3955,electronics-3955,electronics,18.35,130
3956,clothing-3956,clothing,19.72,137
3957,books-3957,books,21.09,144
3958,home-3958,home,22.46,151
3959,toys-3959,toys,23.83,158
3960,food-3960,food,25.20,165
3961,electronics-3961,electronics,26.57,172
3962,clothing-3962,clothing,27.94,179
3963,books-3963,books,29.31,186
3964,home-3964,home,30.68,193
3965,toys-3965,toys,32.05,200
3966,food-3966,food,33.42,207
3967,electronics-3967,electronics,34.79,214
3968,clothing-3968,clothing,36.16,221
3969,books-3969,books,37.53,228
3970,home-3970,home,38.90,235
3971,toys-3971,toys,40.27,242
3972,food-3972,food,41.64,249
3973,electronics-3973,electronics,43.01,256
3974,clothing-3974,clothing,44.38,263
3975,books-3975,books,45.75,270
3976,home-3976,home,47.12,277
3977,toys-3977,toys,48.49,284
3978,food-3978,food,49.86,291
3979,electronics-3979,electronics,51.23,298
3980,clothing-3980,clothing,52.60,305
3981,books-3981,books,53.97,312
3982,home-3982,home,55.34,319
3983,toys-3983,toys,56.71,326
3984,food-3984,food,58.08,333
3985,electronics-3985,electronics,59.45,340
3986,clothing-3986,clothing,60.82,347
3987,books-3987,books,62.19,354
3988,home-3988,home,63.56,361
3989,toys-3989,toys,64.93,368
3990,food-3990,food,66.30,375
3991,electronics-3991,electronics,67.67,382
3992,clothing-3992,clothing,69.04,389
3993,books-3993,books,70.41,396
3994,home-3994,home,71.78,403
3995,toys-3995,toys,73.15,410
3996,food-3996,food,74.52,417
3997,electronics-3997,electronics,75.89,424
3998,clothing-3998,clothing,77.26,431
3999,books-3999,books,78.63,438
4000,home-4000,home,80.00,445
4001,toys-4001,toys,81.37,452
4002,food-4002,food,82.74,459
4003,electronics-4003,electronics,84.11,466
4004,clothing-4004,clothing,85.48,473
4005,books-4005,books,86.85,480
4006,home-4006,home,88.22,487
4007,toys-4007,toys,89.59,494
4008,food-4008,food,90.96,0
4009,electronics-4009,electronics,92.33,7
4010,clothing-4010,clothing,93.70,14
4011,books-4011,books,95.07,21
4012,home-4012,home,96.44,28
4013,toys-4013,toys,97.81,35
4014,food-4014,food,99.18,42
4015,electronics-4015,electronics,0.55,49
4016,clothing-4016,clothing,1.92,56
4017,books-4017,books,3.29,63
4018,home-4018,home,4.66,70
4019,toys-4019,toys,6.03,77
4020,food-4020,food,7.40,84
4021,electronics-4021,electronics,8.77,91
4022,clothing-4022,clothing,10.14,98
4023,books-4023,books,11.51,105
4024,home-4024,home,12.88,112
4025,toys-4025,toys,14.25,119
4026,food-4026,food,15.62,126
4027,electronics-4027,electronics,16.99,133
4028,clothing-4028,clothing,18.36,140
4029,books-4029,books,19.73,147
4030,home-4030,home,21.10,154
4031,toys-4031,toys,22.47,161
4032,food-4032,food,23.84,168
4033,electronics-4033,electronics,25.21,175
4034,clothing-4034,clothing,26.58,182
4035,books-4035,books,27.95,189
4036,home-4036,home,29.32,196
4037,toys-4037,toys,30.69,203
4038,food-4038,food,32.06,210
4039,electronics-4039,electronics,33.43,217
4040,clothing-4040,clothing,34.80,224
4041,books-4041,books,36.17,231
4042,home-4042,home,37.54,238
4043,toys-4043,toys,38.91,245
4044,food-4044,food,40.28,252
4045,electronics-4045,electronics,41.65,259
4046,clothing-4046,clothing,43.02,266
4047,books-4047,books,44.39,273
4048,home-4048,home,45.76,280
4049,toys-4049,toys,47.13,287
4050,food-4050,food,48.50,294
4051,electronics-4051,electronics,49.87,301
4052,clothing-4052,clothing,51.24,308
4053,books-4053,books,52.61,315
4054,home-4054,home,53.98,322
4055,toys-4055,toys,55.35,329
4056,food-4056,food,56.72,336
4057,electronics-4057,electronics,58.09,343
4058,clothing-4058,clothing,59.46,350
4059,books-4059,books,60.83,357
4060,home-4060,home,62.20,364
4061,toys-4061,toys,63.57,371
4062,food-4062,food,64.94,378
4063,electronics-4063,electronics,66.31,385
4064,clothing-4064,clothing,67.68,392
4065,books-4065,books,69.05,399
4066,home-4066,home,70.42,406
4067,toys-4067,toys,71.79,413
4068,food-4068,food,73.16,420
4069,electronics-4069,electronics,74.53,427
4070,clothing-4070,clothing,75.90,434
4071,books-4071,books,77.27,441
4072,home-4072,home,78.64,448
4073,toys-4073,toys,80.01,455
4074,food-4074,food,81.38,462
4075,electronics-4075,electronics,82.75,469
4076,clothing-4076,clothing,84.12,476
4077,books-4077,books,85.49,483
4078,home-4078,home,86.86,490
4079,toys-4079,toys,88.23,497
4080,food-4080,food,89.60,3
4081,electronics-4081,electronics,90.97,10
4082,clothing-4082,clothing,92.34,17
4083,books-4083,books,93.71,24
4084,home-4084,home,95.08,31
4085,toys-4085,toys,96.45,38
4086,food-4086,food,97.82,45
4087,electronics-4087,electronics,99.19,52
4088,clothing-4088,clothing,0.56,59
4089,books-4089,books,1.93,66
4090,home-4090,home,3.30,73
4091,toys-4091,toys,4.67,80
4092,food-4092,food,6.04,87
4093,electronics-4093,electronics,7.41,94
4094,clothing-4094,clothing,8.78,101
4095,books-4095,books,10.15,108
4096,home-4096,home,11.52,115
4097,toys-4097,toys,12.89,122
4098,food-4098,food,14.26,129
4099,electronics-4099,electronics,15.63,136
4100,clothing-4100,clothing,17.00,143
4101,books-4101,books,18.37,150
4102,home-4102,home,19.74,157
4103,toys-4103,toys,21.11,164
4104,food-4104,food,22.48,171
4105,electronics-4105,electronics,23.85,178
4106,clothing-4106,clothing,25.22,185
4107,books-4107,books,26.59,192
4108,home-4108,home,27.96,199
4109,toys-4109,toys,29.33,206
4110,food-4110,food,30.70,213
4111,electronics-4111,electronics,32.07,220
4112,clothing-4112,clothing,33.44,227
4113,books-4113,books,34.81,234
4114,home-4114,home,36.18,241
4115,toys-4115,toys,37.55,248
4116,food-4116,food,38.92,255
4117,electronics-4117,electronics,40.29,262
4118,clothing-4118,clothing,41.66,269
4119,books-4119,books,43.03,276
4120,home-4120,home,44.40,283
4121,toys-4121,toys,45.77,290
4122,food-4122,food,47.14,297
4123,electronics-4123,electronics,48.51,304
4124,clothing-4124,clothing,49.88,311
4125,books-4125,books,51.25,318
4126,home-4126,home,52.62,325
4127,toys-4127,toys,53.99,332
4128,food-4128,food,55.36,339
4129,electronics-4129,electronics,56.73,346
4130,clothing-4130,clothing,58.10,353
4131,books-4131,books,59.47,360
4132,home-4132,home,60.84,367
4133,toys-4133,toys,62.21,374
4134,food-4134,food,63.58,381
4135,electronics-4135,electronics,64.95,388
4136,clothing-4136,clothing,66.32,395
4137,books-4137,books,67.69,402
4138,home-4138,home,69.06,409
4139,toys-4139,toys,70.43,416
4140,food-4140,food,71.80,423
4141,electronics-4141,electronics,73.17,430
4142,clothing-4142,clothing,74.54,437
4143,books-4143,books,75.91,444
4144,home-4144,home,77.28,451
4145,toys-4145,toys,78.65,458
4146,food-4146,food,80.02,465
4147,electronics-4147,electronics,81.39,472
4148,clothing-4148,clothing,82.76,479
4149,books-4149,books,84.13,486
4150,home-4150,home,85.50,493
4151,toys-4151,toys,86.87,500
4152,food-4152,food,88.24,6
4153,electronics-4153,electronics,89.61,13
4154,clothing-4154,clothing,90.98,20
4155,books-4155,books,92.35,27
4156,home-4156,home,93.72,34
4157,toys-4157,toys,95.09,41
4158,food-4158,food,96.46,48
4159,electronics-4159,electronics,97.83,55
4160,clothing-4160,clothing,99.20,62
4161,books-4161,books,0.57,69
4162,home-4162,home,1.94,76
4163,toys-4163,toys,3.31,83
4164,food-4164,food,4.68,90
4165,electronics-4165,electronics,6.05,97
4166,clothing-4166,clothing,7.42,104
4167,books-4167,books,8.79,111
4168,home-4168,home,10.16,118
4169,toys-4169,toys,11.53,125
4170,food-4170,food,12.90,132
4171,electronics-4171,electronics,14.27,139
4172,clothing-4172,clothing,15.64,146
4173,books-4173,books,17.01,153
4174,home-4174,home,18.38,160
4175,toys-4175,toys,19.75,167
4176,food-4176,food,21.12,174
4177,electronics-4177,electronics,22.49,181
4178,clothing-4178,clothing,23.86,188
4179,books-4179,books,25.23,195
4180,home-4180,home,26.60,202
4181,toys-4181,toys,27.97,209
4182,food-4182,food,29.34,216
4183,electronics-4183,electronics,30.71,223
4184,clothing-4184,clothing,32.08,230
4185,books-4185,books,33.45,237
4186,home-4186,home,34.82,244
4187,toys-4187,toys,36.19,251
4188,food-4188,food,37.56,258
4189,electronics-4189,electronics,38.93,265
4190,clothing-4190,clothing,40.30,272
4191,books-4191,books,41.67,279
4192,home-4192,home,43.04,286
4193,toys-4193,toys,44.41,293
4194,food-4194,food,45.78,300
4195,electronics-4195,electronics,47.15,307
4196,clothing-4196,clothing,48.52,314
4197,books-4197,books,49.89,321
4198,home-4198,home,51.26,328
4199,toys-4199,toys,52.63,335
4200,food-4200,food,54.00,342
4201,electronics-4201,electronics,55.37,349
4202,clothing-4202,clothing,56.74,356
4203,books-4203,books,58.11,363
4204,home-4204,home,59.48,370
4205,toys-4205,toys,60.85,377
4206,food-4206,food,62.22,384
4207,electronics-4207,electronics,63.59,391
4208,clothing-4208,clothing,64.96,398
4209,books-4209,books,66.33,405
4210,home-4210,home,67.70,412
4211,toys-4211,toys,69.07,419
4212,food-4212,food,70.44,426
4213,electronics-4213,electronics,71.81,433
4214,clothing-4214,clothing,73.18,440
4215,books-4215,books,74.55,447
4216,home-4216,home,75.92,454
4217,toys-4217,toys,77.29,461
4218,food-4218,food,78.66,468
4219,electronics-4219,electronics,80.03,475
4220,clothing-4220,clothing,81.40,482
4221,books-4221,books,82.77,489
4222,home-4222,home,84.14,496
4223,toys-4223,toys,85.51,2
4224,food-4224,food,86.88,9
4225,electronics-4225,electronics,88.25,16
4226,clothing-4226,clothing,89.62,23
4227,books-4227,books,90.99,30
4228,home-4228,home,92.36,37
4229,toys-4229,toys,93.73,44
4230,food-4230,food,95.10,51
4231,electronics-4231,electronics,96.47,58
4232,clothing-4232,clothing,97.84,65
4233,books-4233,books,99.21,72
4234,home-4234,home,0.58,79
4235,toys-4235,toys,1.95,86
4236,food-4236,food,3.32,93
4237,electronics-4237,electronics,4.69,100
4238,clothing-4238,clothing,6.06,107
4239,books-4239,books,7.43,114
4240,home-4240,home,8.80,121
4241,toys-4241,toys,10.17,128
4242,food-4242,food,11.54,135
4243,electronics-4243,electronics,12.91,142
4244,clothing-4244,clothing,14.28,149
4245,books-4245,books,15.65,156
4246,home-4246,home,17.02,163
4247,toys-4247,toys,18.39,170
4248,food-4248,food,19.76,177
4249,electronics-4249,electronics,21.13,184
4250,clothing-4250,clothing,22.50,191
4251,books-4251,books,23.87,198
4252,home-4252,home,25.24,205
4253,toys-4253,toys,26.61,212
4254,food-4254,food,27.98,219
4255,electronics-4255,electronics,29.35,226
4256,clothing-4256,clothing,30.72,233
4257,books-4257,books,32.09,240
4258,home-4258,home,33.46,247
4259,toys-4259,toys,34.83,254
4260,food-4260,food,36.20,261
4261,electronics-4261,electronics,37.57,268
4262,clothing-4262,clothing,38.94,275
4263,books-4263,books,40.31,282
4264,home-4264,home,41.68,289
4265,toys-4265,toys,43.05,296
4266,food-4266,food,44.42,303
4267,electronics-4267,electronics,45.79,310
4268,clothing-4268,clothing,47.16,317
4269,books-4269,books,48.53,324
4270,home-4270,home,49.90,331
4271,toys-4271,toys,51.27,338
4272,food-4272,food,52.64,345
4273,electronics-4273,electronics,54.01,352
4274,clothing-4274,clothing,55.38,359
4275,books-4275,books,56.75,366
4276,home-4276,home,58.12,373
4277,toys-4277,toys,59.49,380
4278,food-4278,food,60.86,387
4279,electronics-4279,electronics,62.23,394
4280,clothing-4280,clothing,63.60,401
4281,books-4281,books,64.97,408
4282,home-4282,home,66.34,415
4283,toys-4283,toys,67.71,422
4284,food-4284,food,69.08,429
4285,electronics-4285,electronics,70.45,436
4286,clothing-4286,clothing,71.82,443
4287,books-4287,books,73.19,450
4288,home-4288,home,74.56,457
4289,toys-4289,toys,75.93,464
4290,food-4290,food,77.30,471
4291,electronics-4291,electronics,78.67,478
4292,clothing-4292,clothing,80.04,485
4293,books-4293,books,81.41,492
4294,home-4294,home,82.78,499
4295,toys-4295,toys,84.15,5
4296,food-4296,food,85.52,12
4297,electronics-4297,electronics,86.89,19
4298,clothing-4298,clothing,88.26,26
4299,books-4299,books,89.63,33
4300,home-4300,home,91.00,40
4301,toys-4301,toys,92.37,47
4302,food-4302,food,93.74,54
4303,electronics-4303,electronics,95.11,61
4304,clothing-4304,clothing,96.48,68
4305,books-4305,books,97.85,75
4306,home-4306,home,99.22,82
4307,toys-4307,toys,0.59,89
4308,food-4308,food,1.96,96
4309,electronics-4309,electronics,3.33,103
4310,clothing-4310,clothing,4.70,110
4311,books-4311,books,6.07,117
4312,home-4312,home,7.44,124
4313,toys-4313,toys,8.81,131
4314,food-4314,food,10.18,138
4315,electronics-4315,electronics,11.55,145
4316,clothing-4316,clothing,12.92,152
4317,books-4317,books,14.29,159
4318,home-4318,home,15.66,166
4319,toys-4319,toys,17.03,173
4320,food-4320,food,18.40,180
4321,electronics-4321,electronics,19.77,187
4322,clothing-4322,clothing,21.14,194
4323,books-4323,books,22.51,201
4324,home-4324,home,23.88,208
4325,toys-4325,toys,25.25,215
4326,food-4326,food,26.62,222
4327,electronics-4327,electronics,27.99,229
4328,clothing-4328,clothing,29.36,236
4329,books-4329,books,30.73,243
4330,home-4330,home,32.10,250
4331,toys-4331,toys,33.47,257
4332,food-4332,food,34.84,264
4333,electronics-4333,electronics,36.21,271
4334,clothing-4334,clothing,37.58,278
4335,books-4335,books,38.95,285
4336,home-4336,home,40.32,292
4337,toys-4337,toys,41.69,299
4338,food-4338,food,43.06,306
4339,electronics-4339,electronics,44.43,313
4340,clothing-4340,clothing,45.80,320
4341,books-4341,books,47.17,327
4342,home-4342,home,48.54,334
4343,toys-4343,toys,49.91,341
4344,food-4344,food,51.28,348
4345,electronics-4345,electronics,52.65,355
4346,clothing-4346,clothing,54.02,362
4347,books-4347,books,55.39,369
4348,home-4348,home,56.76,376
4349,toys-4349,toys,58.13,383
4350,food-4350,food,59.50,390
4351,electronics-4351,electronics,60.87,397
4352,clothing-4352,clothing,62.24,404
4353,books-4353,books,63.61,411
4354,home-4354,home,64.98,418
4355,toys-4355,toys,66.35,425
4356,food-4356,food,67.72,432
4357,electronics-4357,electronics,69.09,439
4358,clothing-4358,clothing,70.46,446
4359,books-4359,books,71.83,453
4360,home-4360,home,73.20,460
4361,toys-4361,toys,74.57,467
4362,food-4362,food,75.94,474
4363,electronics-4363,electronics,77.31,481
4364,clothing-4364,clothing,78.68,488
4365,books-4365,books,80.05,495
4366,home-4366,home,81.42,1
4367,toys-4367,toys,82.79,8
4368,food-4368,food,84.16,15
4369,electronics-4369,electronics,85.53,22
4370,clothing-4370,clothing,86.90,29
4371,books-4371,books,88.27,36
4372,home-4372,home,89.64,43
4373,toys-4373,toys,91.01,50
4374,food-4374,food,92.38,57
4375,electronics-4375,electronics,93.75,64
4376,clothing-4376,clothing,95.12,71
4377,books-4377,books,96.49,78
4378,home-4378,home,97.86,85
4379,toys-4379,toys,99.23,92
4380,food-4380,food,0.60,99
4381,electronics-4381,electronics,1.97,106
4382,clothing-4382,clothing,3.34,113
4383,books-4383,books,4.71,120
4384,home-4384,home,6.08,127
4385,toys-4385,toys,7.45,134
4386,food-4386,food,8.82,141
4387,electronics-4387,electronics,10.19,148
4388,clothing-4388,clothing,11.56,155
4389,books-4389,books,12.93,162
4390,home-4390,home,14.30,169
4391,toys-4391,toys,15.67,176
4392,food-4392,food,17.04,183
4393,electronics-4393,electronics,18.41,190
4394,clothing-4394,clothing,19.78,197
4395,books-4395,books,21.15,204
4396,home-4396,home,22.52,211
4397,toys-4397,toys,23.89,218
4398,food-4398,food,25.26,225
4399,electronics-4399,electronics,26.63,232
4400,clothing-4400,clothing,28.00,239
4401,books-4401,books,29.37,246
4402,home-4402,home,30.74,253
4403,toys-4403,toys,32.11,260
4404,food-4404,food,33.48,267
4405,electronics-4405,electronics,34.85,274
4406,clothing-4406,clothing,36.22,281
4407,books-4407,books,37.59,288
4408,home-4408,home,38.96,295
4409,toys-4409,toys,40.33,302
4410,food-4410,food,41.70,309
4411,electronics-4411,electronics,43.07,316
4412,clothing-4412,clothing,44.44,323
4413,books-4413,books,45.81,330
4414,home-4414,home,47.18,337
4415,toys-4415,toys,48.55,344
4416,food-4416,food,49.92,351
4417,electronics-4417,electronics,51.29,358
4418,clothing-4418,clothing,52.66,365
4419,books-4419,books,54.03,372
4420,home-4420,home,55.40,379
4421,toys-4421,toys,56.77,386
4422,food-4422,food,58.14,393
4423,electronics-4423,electronics,59.51,400
4424,clothing-4424,clothing,60.88,407
4425,books-4425,books,62.25,414
4426,home-4426,home,63.62,421
4427,toys-4427,toys,64.99,428
4428,food-4428,food,66.36,435
4429,electronics-4429,electronics,67.73,442
4430,clothing-4430,clothing,69.10,449
4431,books-4431,books,70.47,456
4432,home-4432,home,71.84,463
4433,toys-4433,toys,73.21,470
4434,food-4434,food,74.58,477
4435,electronics-4435,electronics,75.95,484
4436,clothing-4436,clothing,77.32,491
4437,books-4437,books,78.69,498
4438,home-4438,home,80.06,4
4439,toys-4439,toys,81.43,11
4440,food-4440,food,82.80,18
4441,electronics-4441,electronics,84.17,25
4442,clothing-4442,clothing,85.54,32
4443,books-4443,books,86.91,39
4444,home-4444,home,88.28,46
4445,toys-4445,toys,89.65,53
4446,food-4446,food,91.02,60
4447,electronics-4447,electronics,92.39,67
4448,clothing-4448,clothing,93.76,74
4449,books-4449,books,95.13,81
4450,home-4450,home,96.50,88
4451,toys-4451,toys,97.87,95
4452,food-4452,food,99.24,102
4453,electronics-4453,electronics,0.61,109
4454,clothing-4454,clothing,1.98,116
4455,books-4455,books,3.35,123
4456,home-4456,home,4.72,130
4457,toys-4457,toys,6.09,137
4458,food-4458,food,7.46,144
4459,electronics-4459,electronics,8.83,151
4460,clothing-4460,clothing,10.20,158
4461,books-4461,books,11.57,165
4462,home-4462,home,12.94,172
4463,toys-4463,toys,14.31,179
4464,food-4464,food,15.68,186
4465,electronics-4465,electronics,17.05,193
4466,clothing-4466,clothing,18.42,200
4467,books-4467,books,19.79,207
4468,home-4468,home,21.16,214
4469,toys-4469,toys,22.53,221
4470,food-4470,food,23.90,228
4471,electronics-4471,electronics,25.27,235
4472,clothing-4472,clothing,26.64,242
4473,books-4473,books,28.01,249
4474,home-4474,home,29.38,256
4475,toys-4475,toys,30.75,263
4476,food-4476,food,32.12,270
4477,electronics-4477,electronics,33.49,277
4478,clothing-4478,clothing,34.86,284
4479,books-4479,books,36.23,291
4480,home-4480,home,37.60,298
4481,toys-4481,toys,38.97,305
4482,food-4482,food,40.34,312
4483,electronics-4483,electronics,41.71,319
4484,clothing-4484,clothing,43.08,326
4485,books-4485,books,44.45,333
4486,home-4486,home,45.82,340
4487,toys-4487,toys,47.19,347
4488,food-4488,food,48.56,354
4489,electronics-4489,electronics,49.93,361
4490,clothing-4490,clothing,51.30,368
4491,books-4491,books,52.67,375
4492,home-4492,home,54.04,382
4493,toys-4493,toys,55.41,389
4494,food-4494,food,56.78,396
4495,electronics-4495,electronics,58.15,403
4496,clothing-4496,clothing,59.52,410
4497,books-4497,books,60.89,417
4498,home-4498,home,62.26,424
4499,toys-4499,toys,63.63,431
4500,food-4500,food,65.00,438
4501,electronics-4501,electronics,66.37,445
4502,clothing-4502,clothing,67.74,452
4503,books-4503,books,69.11,459
4504,home-4504,home,70.48,466
4505,toys-4505,toys,71.85,473
4506,food-4506,food,73.22,480
4507,electronics-4507,electronics,74.59,487
4508,clothing-4508,clothing,75.96,494
4509,books-4509,books,77.33,0
4510,home-4510,home,78.70,7
4511,toys-4511,toys,80.07,14
4512,food-4512,food,81.44,21
4513,electronics-4513,electronics,82.81,28
4514,clothing-4514,clothing,84.18,35
4515,books-4515,books,85.55,42
4516,home-4516,home,86.92,49
4517,toys-4517,toys,88.29,56
4518,food-4518,food,89.66,63
4519,electronics-4519,electronics,91.03,70
4520,clothing-4520,clothing,92.40,77
4521,books-4521,books,93.77,84
4522,home-4522,home,95.14,91
4523,toys-4523,toys,96.51,98
4524,food-4524,food,97.88,105
4525,electronics-4525,electronics,99.25,112
4526,clothing-4526,clothing,0.62,119
4527,books-4527,books,1.99,126
4528,home-4528,home,3.36,133
4529,toys-4529,toys,4.73,140
4530,food-4530,food,6.10,147
4531,electronics-4531,electronics,7.47,154
4532,clothing-4532,clothing,8.84,161
4533,books-4533,books,10.21,168
4534,home-4534,home,11.58,175
4535,toys-4535,toys,12.95,182
4536,food-4536,food,14.32,189
4537,electronics-4537,electronics,15.69,196
4538,clothing-4538,clothing,17.06,203
4539,books-4539,books,18.43,210
4540,home-4540,home,19.80,217
4541,toys-4541,toys,21.17,224
4542,food-4542,food,22.54,231
4543,electronics-4543,electronics,23.91,238
4544,clothing-4544,clothing,25.28,245
4545,books-4545,books,26.65,252
4546,home-4546,home,28.02,259
4547,toys-4547,toys,29.39,266
4548,food-4548,food,30.76,273
4549,electronics-4549,electronics,32.13,280
4550,clothing-4550,clothing,33.50,287
4551,books-4551,books,34.87,294
4552,home-4552,home,36.24,301
4553,toys-4553,toys,37.61,308
4554,food-4554,food,38.98,315
4555,electronics-4555,electronics,40.35,322
4556,clothing-4556,clothing,41.72,329
4557,books-4557,books,43.09,336
4558,home-4558,home,44.46,343
4559,toys-4559,toys,45.83,350
4560,food-4560,food,47.20,357
4561,electronics-4561,electronics,48.57,364
4562,clothing-4562,clothing,49.94,371
4563,books-4563,books,51.31,378
4564,home-4564,home,52.68,385
4565,toys-4565,toys,54.05,392
4566,food-4566,food,55.42,399
4567,electronics-4567,electronics,56.79,406
4568,clothing-4568,clothing,58.16,413
4569,books-4569,books,59.53,420
4570,home-4570,home,60.90,427
4571,toys-4571,toys,62.27,434
4572,food-4572,food,63.64,441
4573,electronics-4573,electronics,65.01,448
4574,clothing-4574,clothing,66.38,455
4575,books-4575,books,67.75,462
4576,home-4576,home,69.12,469
4577,toys-4577,toys,70.49,476
4578,food-4578,food,71.86,483
4579,electronics-4579,electronics,73.23,490
4580,clothing-4580,clothing,74.60,497
4581,books-4581,books,75.97,3
4582,home-4582,home,77.34,10
4583,toys-4583,toys,78.71,17
4584,food-4584,food,80.08,24
4585,electronics-4585,electronics,81.45,31
4586,clothing-4586,clothing,82.82,38
4587,books-4587,books,84.19,45
4588,home-4588,home,85.56,52
4589,toys-4589,toys,86.93,59
4590,food-4590,food,88.30,66
4591,electronics-4591,electronics,89.67,73
4592,clothing-4592,clothing,91.04,80
4593,books-4593,books,92.41,87
4594,home-4594,home,93.78,94
4595,toys-4595,toys,95.15,101
4596,food-4596,food,96.52,108
4597,electronics-4597,electronics,97.89,115
4598,clothing-4598,clothing,99.26,122
4599,books-4599,books,0.63,129
4600,home-4600,home,2.00,136
4601,toys-4601,toys,3.37,143
4602,food-4602,food,4.74,150
4603,electronics-4603,electronics,6.11,157
4604,clothing-4604,clothing,7.48,164
4605,books-4605,books,8.85,171
4606,home-4606,home,10.22,178
4607,toys-4607,toys,11.59,185
4608,food-4608,food,12.96,192
4609,electronics-4609,electronics,14.33,199
4610,clothing-4610,clothing,15.70,206
4611,books-4611,books,17.07,213
4612,home-4612,home,18.44,220
4613,toys-4613,toys,19.81,227
4614,food-4614,food,21.18,234
4615,electronics-4615,electronics,22.55,241
4616,clothing-4616,clothing,23.92,248
4617,books-4617,books,25.29,255
4618,home-4618,home,26.66,262
4619,toys-4619,toys,28.03,269
4620,food-4620,food,29.40,276
4621,electronics-4621,electronics,30.77,283
4622,clothing-4622,clothing,32.14,290
4623,books-4623,books,33.51,297
4624,home-4624,home,34.88,304
4625,toys-4625,toys,36.25,311
4626,food-4626,food,37.62,318
4627,electronics-4627,electronics,38.99,325
4628,clothing-4628,clothing,40.36,332
4629,books-4629,books,41.73,339
4630,home-4630,home,43.10,346
4631,toys-4631,toys,44.47,353
4632,food-4632,food,45.84,360
4633,electronics-4633,electronics,47.21,367
4634,clothing-4634,clothing,48.58,374
4635,books-4635,books,49.95,381
4636,home-4636,home,51.32,388
4637,toys-4637,toys,52.69,395
4638,food-4638,food,54.06,402
4639,electronics-4639,electronics,55.43,409
4640,clothing-4640,clothing,56.80,416
4641,books-4641,books,58.17,423
4642,home-4642,home,59.54,430
4643,toys-4643,toys,60.91,437
4644,food-4644,food,62.28,444
4645,electronics-4645,electronics,63.65,451
4646,clothing-4646,clothing,65.02,458
4647,books-4647,books,66.39,465
4648,home-4648,home,67.76,472
4649,toys-4649,toys,69.13,479
4650,food-4650,food,70.50,486
4651,electronics-4651,electronics,71.87,493
4652,clothing-4652,clothing,73.24,500
4653,books-4653,books,74.61,6
4654,home-4654,home,75.98,13
4655,toys-4655,toys,77.35,20
4656,food-4656,food,78.72,27
4657,electronics-4657,electronics,80.09,34
4658,clothing-4658,clothing,81.46,41
4659,books-4659,books,82.83,48
4660,home-4660,home,84.20,55
4661,toys-4661,toys,85.57,62
4662,food-4662,food,86.94,69
4663,electronics-4663,electronics,88.31,76
4664,clothing-4664,clothing,89.68,83
4665,books-4665,books,91.05,90
4666,home-4666,home,92.42,97
4667,toys-4667,toys,93.79,104
4668,food-4668,food,95.16,111
4669,electronics-4669,electronics,96.53,118
4670,clothing-4670,clothing,97.90,125
4671,books-4671,books,99.27,132
4672,home-4672,home,0.64,139
4673,toys-4673,toys,2.01,146
4674,food-4674,food,3.38,153
4675,electronics-4675,electronics,4.75,160
4676,clothing-4676,clothing,6.12,167
4677,books-4677,books,7.49,174
4678,home-4678,home,8.86,181
4679,toys-4679,toys,10.23,188
4680,food-4680,food,11.60,195
4681,electronics-4681,electronics,12.97,202
4682,clothing-4682,clothing,14.34,209
4683,books-4683,books,15.71,216
4684,home-4684,home,17.08,223
4685,toys-4685,toys,18.45,230
4686,food-4686,food,19.82,237
4687,electronics-4687,electronics,21.19,244
4688,clothing-4688,clothing,22.56,251
4689,books-4689,books,23.93,258
4690,home-4690,home,25.30,265
4691,toys-4691,toys,26.67,272
4692,food-4692,food,28.04,279
4693,electronics-4693,electronics,29.41,286
4694,clothing-4694,clothing,30.78,293
4695,books-4695,books,32.15,300
4696,home-4696,home,33.52,307
4697,toys-4697,toys,34.89,314
4698,food-4698,food,36.26,321
4699,electronics-4699,electronics,37.63,328
4700,clothing-4700,clothing,39.00,335
4701,books-4701,books,40.37,342
4702,home-4702,home,41.74,349
4703,toys-4703,toys,43.11,356
4704,food-4704,food,44.48,363
4705,electronics-4705,electronics,45.85,370
4706,clothing-4706,clothing,47.22,377
4707,books-4707,books,48.59,384
4708,home-4708,home,49.96,391
4709,toys-4709,toys,51.33,398
4710,food-4710,food,52.70,405
4711,electronics-4711,electronics,54.07,412
4712,clothing-4712,clothing,55.44,419
4713,books-4713,books,56.81,426
4714,home-4714,home,58.18,433
4715,toys-4715,toys,59.55,440
4716,food-4716,food,60.92,447
4717,electronics-4717,electronics,62.29,454
4718,clothing-4718,clothing,63.66,461
4719,books-4719,books,65.03,468
4720,home-4720,home,66.40,475
4721,toys-4721,toys,67.77,482
4722,food-4722,food,69.14,489
4723,electronics-4723,electronics,70.51,496
4724,clothing-4724,clothing,71.88,2
4725,books-4725,books,73.25,9
4726,home-4726,home,74.62,16
4727,toys-4727,toys,75.99,23
4728,food-4728,food,77.36,30
4729,electronics-4729,electronics,78.73,37
4730,clothing-4730,clothing,80.10,44
4731,books-4731,books,81.47,51
4732,home-4732,home,82.84,58
4733,toys-4733,toys,84.21,65
4734,food-4734,food,85.58,72
4735,electronics-4735,electronics,86.95,79
4736,clothing-4736,clothing,88.32,86
4737,books-4737,books,89.69,93
4738,home-4738,home,91.06,100
4739,toys-4739,toys,92.43,107
4740,food-4740,food,93.80,114
4741,electronics-4741,electronics,95.17,121
4742,clothing-4742,clothing,96.54,128
4743,books-4743,books,97.91,135
4744,home-4744,home,99.28,142
4745,toys-4745,toys,0.65,149
4746,food-4746,food,2.02,156
4747,electronics-4747,electronics,3.39,163
4748,clothing-4748,clothing,4.76,170
4749,books-4749,books,6.13,177
4750,home-4750,home,7.50,184
4751,toys-4751,toys,8.87,191
4752,food-4752,food,10.24,198
4753,electronics-4753,electronics,11.61,205
4754,clothing-4754,clothing,12.98,212
4755,books-4755,books,14.35,219
4756,home-4756,home,15.72,226
4757,toys-4757,toys,17.09,233
4758,food-4758,food,18.46,240
4759,electronics-4759,electronics,19.83,247
4760,clothing-4760,clothing,21.20,254
4761,books-4761,books,22.57,261
4762,home-4762,home,23.94,268
4763,toys-4763,toys,25.31,275
4764,food-4764,food,26.68,282
4765,electronics-4765,electronics,28.05,289
4766,clothing-4766,clothing,29.42,296
4767,books-4767,books,30.79,303
4768,home-4768,home,32.16,310
4769,toys-4769,toys,33.53,317
4770,food-4770,food,34.90,324
4771,electronics-4771,electronics,36.27,331
4772,clothing-4772,clothing,37.64,338
4773,books-4773,books,39.01,345
4774,home-4774,home,40.38,352
4775,toys-4775,toys,41.75,359
4776,food-4776,food,43.12,366
4777,electronics-4777,electronics,44.49,373
4778,clothing-4778,clothing,45.86,380
4779,books-4779,books,47.23,387
4780,home-4780,home,48.60,394
4781,toys-4781,toys,49.97,401
4782,food-4782,food,51.34,408
4783,electronics-4783,electronics,52.71,415
4784,clothing-4784,clothing,54.08,422
4785,books-4785,books,55.45,429
4786,home-4786,home,56.82,436
4787,toys-4787,toys,58.19,443
4788,food-4788,food,59.56,450
4789,electronics-4789,electronics,60.93,457
4790,clothing-4790,clothing,62.30,464
4791,books-4791,books,63.67,471
4792,home-4792,home,65.04,478
4793,toys-4793,toys,66.41,485
4794,food-4794,food,67.78,492
4795,electronics-4795,electronics,69.15,499
4796,clothing-4796,clothing,70.52,5
4797,books-4797,books,71.89,12
4798,home-4798,home,73.26,19
4799,toys-4799,toys,74.63,26
4800,food-4800,food,76.00,33
4801,electronics-4801,electronics,77.37,40
4802,clothing-4802,clothing,78.74,47
4803,books-4803,books,80.11,54
4804,home-4804,home,81.48,61
4805,toys-4805,toys,82.85,68
4806,food-4806,food,84.22,75
4807,electronics-4807,electronics,85.59,82
4808,clothing-4808,clothing,86.96,89
4809,books-4809,books,88.33,96
4810,home-4810,home,89.70,103
4811,toys-4811,toys,91.07,110
4812,food-4812,food,92.44,117
4813,electronics-4813,electronics,93.81,124
4814,clothing-4814,clothing,95.18,131
4815,books-4815,books,96.55,138
4816,home-4816,home,97.92,145
4817,toys-4817,toys,99.29,152
4818,food-4818,food,0.66,159
4819,electronics-4819,electronics,2.03,166
4820,clothing-4820,clothing,3.40,173
4821,books-4821,books,4.77,180
4822,home-4822,home,6.14,187
4823,toys-4823,toys,7.51,194
4824,food-4824,food,8.88,201
4825,electronics-4825,electronics,10.25,208
4826,clothing-4826,clothing,11.62,215
4827,books-4827,books,12.99,222
4828,home-4828,home,14.36,229
4829,toys-4829,toys,15.73,236
4830,food-4830,food,17.10,243
4831,electronics-4831,electronics,18.47,250
4832,clothing-4832,clothing,19.84,257
4833,books-4833,books,21.21,264
4834,home-4834,home,22.58,271
4835,toys-4835,toys,23.95,278
4836,food-4836,food,25.32,285
4837,electronics-4837,electronics,26.69,292
4838,clothing-4838,clothing,28.06,299
4839,books-4839,books,29.43,306
4840,home-4840,home,30.80,313
4841,toys-4841,toys,32.17,320
4842,food-4842,food,33.54,327
4843,electronics-4843,electronics,34.91,334
4844,clothing-4844,clothing,36.28,341
4845,books-4845,books,37.65,348
4846,home-4846,home,39.02,355
4847,toys-4847,toys,40.39,362
4848,food-4848,food,41.76,369
4849,electronics-4849,electronics,43.13,376
4850,clothing-4850,clothing,44.50,383
4851,books-4851,books,45.87,390
4852,home-4852,home,47.24,397
4853,toys-4853,toys,48.61,404
4854,food-4854,food,49.98,411
4855,electronics-4855,electronics,51.35,418
4856,clothing-4856,clothing,52.72,425
4857,books-4857,books,54.09,432
4858,home-4858,home,55.46,439
4859,toys-4859,toys,56.83,446
4860,food-4860,food,58.20,453
4861,electronics-4861,electronics,59.57,460
4862,clothing-4862,clothing,60.94,467
4863,books-4863,books,62.31,474
4864,home-4864,home,63.68,481
4865,toys-4865,toys,65.05,488
4866,food-4866,food,66.42,495
4867,electronics-4867,electronics,67.79,1
4868,clothing-4868,clothing,69.16,8
4869,books-4869,books,70.53,15
4870,home-4870,home,71.90,22
4871,toys-4871,toys,73.27,29
4872,food-4872,food,74.64,36
4873,electronics-4873,electronics,76.01,43
4874,clothing-4874,clothing,77.38,50
4875,books-4875,books,78.75,57
4876,home-4876,home,80.12,64
4877,toys-4877,toys,81.49,71
4878,food-4878,food,82.86,78
4879,electronics-4879,electronics,84.23,85
4880,clothing-4880,clothing,85.60,92
4881,books-4881,books,86.97,99
4882,home-4882,home,88.34,106
4883,toys-4883,toys,89.71,113
4884,food-4884,food,91.08,120
4885,electronics-4885,electronics,92.45,127
4886,clothing-4886,clothing,93.82,134
4887,books-4887,books,95.19,141
4888,home-4888,home,96.56,148
4889,toys-4889,toys,97.93,155
4890,food-4890,food,99.30,162
4891,electronics-4891,electronics,0.67,169
4892,clothing-4892,clothing,2.04,176
4893,books-4893,books,3.41,183
4894,home-4894,home,4.78,190
4895,toys-4895,toys,6.15,197
4896,food-4896,food,7.52,204
4897,electronics-4897,electronics,8.89,211
4898,clothing-4898,clothing,10.26,218
4899,books-4899,books,11.63,225
4900,home-4900,home,13.00,232
4901,toys-4901,toys,14.37,239
4902,food-4902,food,15.74,246
4903,electronics-4903,electronics,17.11,253
4904,clothing-4904,clothing,18.48,260
4905,books-4905,books,19.85,267
4906,home-4906,home,21.22,274
4907,toys-4907,toys,22.59,281
4908,food-4908,food,23.96,288
4909,electronics-4909,electronics,25.33,295
4910,clothing-4910,clothing,26.70,302
4911,books-4911,books,28.07,309
4912,home-4912,home,29.44,316
4913,toys-4913,toys,30.81,323
4914,food-4914,food,32.18,330
4915,electronics-4915,electronics,33.55,337
4916,clothing-4916,clothing,34.92,344
4917,books-4917,books,36.29,351
4918,home-4918,home,37.66,358
4919,toys-4919,toys,39.03,365
4920,food-4920,food,40.40,372
4921,electronics-4921,electronics,41.77,379
4922,clothing-4922,clothing,43.14,386
4923,books-4923,books,44.51,393
4924,home-4924,home,45.88,400
4925,toys-4925,toys,47.25,407
4926,food-4926,food,48.62,414
4927,electronics-4927,electronics,49.99,421
4928,clothing-4928,clothing,51.36,428
4929,books-4929,books,52.73,435
4930,home-4930,home,54.10,442
4931,toys-4931,toys,55.47,449
4932,food-4932,food,56.84,456
4933,electronics-4933,electronics,58.21,463
4934,clothing-4934,clothing,59.58,470
4935,books-4935,books,60.95,477
4936,home-4936,home,62.32,484
4937,toys-4937,toys,63.69,491
4938,food-4938,food,65.06,498
4939,electronics-4939,electronics,66.43,4
4940,clothing-4940,clothing,67.80,11
4941,books-4941,books,69.17,18
4942,home-4942,home,70.54,25
4943,toys-4943,toys,71.91,32
4944,food-4944,food,73.28,39
4945,electronics-4945,electronics,74.65,46
4946,clothing-4946,clothing,76.02,53
4947,books-4947,books,77.39,60
4948,home-4948,home,78.76,67
4949,toys-4949,toys,80.13,74
4950,food-4950,food,81.50,81
4951,electronics-4951,electronics,82.87,88
4952,clothing-4952,clothing,84.24,95
4953,books-4953,books,85.61,102
4954,home-4954,home,86.98,109
4955,toys-4955,toys,88.35,116
4956,food-4956,food,89.72,123
4957,electronics-4957,electronics,91.09,130
4958,clothing-4958,clothing,92.46,137
4959,books-4959,books,93.83,144
4960,home-4960,home,95.20,151
4961,toys-4961,toys,96.57,158
4962,food-4962,food,97.94,165
4963,electronics-4963,electronics,99.31,172
4964,clothing-4964,clothing,0.68,179
4965,books-4965,books,2.05,186
4966,home-4966,home,3.42,193
4967,toys-4967,toys,4.79,200
4968,food-4968,food,6.16,207
4969,electronics-4969,electronics,7.53,214
4970,clothing-4970,clothing,8.90,221
4971,books-4971,books,10.27,228
4972,home-4972,home,11.64,235
4973,toys-4973,toys,13.01,242
4974,food-4974,food,14.38,249
4975,electronics-4975,electronics,15.75,256
4976,clothing-4976,clothing,17.12,263
4977,books-4977,books,18.49,270
4978,home-4978,home,19.86,277
4979,toys-4979,toys,21.23,284
4980,food-4980,food,22.60,291
4981,electronics-4981,electronics,23.97,298
4982,clothing-4982,clothing,25.34,305
4983,books-4983,books,26.71,312
4984,home-4984,home,28.08,319
4985,toys-4985,toys,29.45,326
4986,food-4986,food,30.82,333
4987,electronics-4987,electronics,32.19,340
4988,clothing-4988,clothing,33.56,347
4989,books-4989,books,34.93,354
4990,home-4990,home,36.30,361
4991,toys-4991,toys,37.67,368
4992,food-4992,food,39.04,375
4993,electronics-4993,electronics,40.41,382
4994,clothing-4994,clothing,41.78,389
4995,books-4995,books,43.15,396
4996,home-4996,home,44.52,403
4997,toys-4997,toys,45.89,410
4998,food-4998,food,47.26,417
4999,electronics-4999,electronics,48.63,424
5000,clothing-5000,clothing,50.00,431
5001,books-5001,books,51.37,438
5002,home-5002,home,52.74,445
5003,toys-5003,toys,54.11,452
5004,food-5004,food,55.48,459
5005,electronics-5005,electronics,56.85,466
5006,clothing-5006,clothing,58.22,473
5007,books-5007,books,59.59,480
5008,home-5008,home,60.96,487
5009,toys-5009,toys,62.33,494
5010,food-5010,food,63.70,0
5011,electronics-5011,electronics,65.07,7
5012,clothing-5012,clothing,66.44,14
5013,books-5013,books,67.81,21
5014,home-5014,home,69.18,28
5015,toys-5015,toys,70.55,35
5016,food-5016,food,71.92,42
5017,electronics-5017,electronics,73.29,49
5018,clothing-5018,clothing,74.66,56
5019,books-5019,books,76.03,63
5020,home-5020,home,77.40,70
5021,toys-5021,toys,78.77,77
5022,food-5022,food,80.14,84
5023,electronics-5023,electronics,81.51,91
5024,clothing-5024,clothing,82.88,98
5025,books-5025,books,84.25,105
5026,home-5026,home,85.62,112
5027,toys-5027,toys,86.99,119
5028,food-5028,food,88.36,126
5029,electronics-5029,electronics,89.73,133
5030,clothing-5030,clothing,91.10,140
5031,books-5031,books,92.47,147
5032,home-5032,home,93.84,154
5033,toys-5033,toys,95.21,161
5034,food-5034,food,96.58,168
5035,electronics-5035,electronics,97.95,175
5036,clothing-5036,clothing,99.32,182
5037,books-5037,books,0.69,189
5038,home-5038,home,2.06,196
5039,toys-5039,toys,3.43,203
5040,food-5040,food,4.80,210
5041,electronics-5041,electronics,6.17,217
5042,clothing-5042,clothing,7.54,224
5043,books-5043,books,8.91,231
5044,home-5044,home,10.28,238
5045,toys-5045,toys,11.65,245
5046,food-5046,food,13.02,252
5047,electronics-5047,electronics,14.39,259
5048,clothing-5048,clothing,15.76,266
5049,books-5049,books,17.13,273
5050,home-5050,home,18.50,280
5051,toys-5051,toys,19.87,287
5052,food-5052,food,21.24,294
5053,electronics-5053,electronics,22.61,301
5054,clothing-5054,clothing,23.98,308
5055,books-5055,books,25.35,315
5056,home-5056,home,26.72,322
5057,toys-5057,toys,28.09,329
5058,food-5058,food,29.46,336
5059,electronics-5059,electronics,30.83,343
5060,clothing-5060,clothing,32.20,350
5061,books-5061,books,33.57,357
5062,home-5062,home,34.94,364
5063,toys-5063,toys,36.31,371
5064,food-5064,food,37.68,378
5065,electronics-5065,electronics,39.05,385
5066,clothing-5066,clothing,40.42,392
5067,books-5067,books,41.79,399
5068,home-5068,home,43.16,406
5069,toys-5069,toys,44.53,413
5070,food-5070,food,45.90,420
5071,electronics-5071,electronics,47.27,427
5072,clothing-5072,clothing,48.64,434
5073,books-5073,books,50.01,441
5074,home-5074,home,51.38,448
5075,toys-5075,toys,52.75,455
5076,food-5076,food,54.12,462
5077,electronics-5077,electronics,55.49,469
5078,clothing-5078,clothing,56.86,476
5079,books-5079,books,58.23,483
5080,home-5080,home,59.60,490
5081,toys-5081,toys,60.97,497
5082,food-5082,food,62.34,3
5083,electronics-5083,electronics,63.71,10
5084,clothing-5084,clothing,65.08,17
5085,books-5085,books,66.45,24
5086,home-5086,home,67.82,31
5087,toys-5087,toys,69.19,38
5088,food-5088,food,70.56,45
5089,electronics-5089,electronics,71.93,52
5090,clothing-5090,clothing,73.30,59
5091,books-5091,books,74.67,66
5092,home-5092,home,76.04,73
5093,toys-5093,toys,77.41,80
5094,food-5094,food,78.78,87
5095,electronics-5095,electronics,80.15,94
5096,clothing-5096,clothing,81.52,101
5097,books-5097,books,82.89,108
5098,home-5098,home,84.26,115
5099,toys-5099,toys,85.63,122
5100,food-5100,food,87.00,129
5101,electronics-5101,electronics,88.37,136
5102,clothing-5102,clothing,89.74,143
5103,books-5103,books,91.11,150
5104,home-5104,home,92.48,157
5105,toys-5105,toys,93.85,164
5106,food-5106,food,95.22,171
5107,electronics-5107,electronics,96.59,178
5108,clothing-5108,clothing,97.96,185
5109,books-5109,books,99.33,192
5110,home-5110,home,0.70,199
5111,toys-5111,toys,2.07,206
5112,food-5112,food,3.44,213
5113,electronics-5113,electronics,4.81,220
5114,clothing-5114,clothing,6.18,227
5115,books-5115,books,7.55,234
5116,home-5116,home,8.92,241
5117,toys-5117,toys,10.29,248
5118,food-5118,food,11.66,255
5119,electronics-5119,electronics,13.03,262
5120,clothing-5120,clothing,14.40,269
5121,books-5121,books,15.77,276
5122,home-5122,home,17.14,283
5123,toys-5123,toys,18.51,290
5124,food-5124,food,19.88,297
5125,electronics-5125,electronics,21.25,304
5126,clothing-5126,clothing,22.62,311
5127,books-5127,books,23.99,318
5128,home-5128,home,25.36,325
5129,toys-5129,toys,26.73,332
5130,food-5130,food,28.10,339
5131,electronics-5131,electronics,29.47,346
5132,clothing-5132,clothing,30.84,353
5133,books-5133,books,32.21,360
5134,home-5134,home,33.58,367
5135,toys-5135,toys,34.95,374
5136,food-5136,food,36.32,381
5137,electronics-5137,electronics,37.69,388
5138,clothing-5138,clothing,39.06,395
5139,books-5139,books,40.43,402
5140,home-5140,home,41.80,409
5141,toys-5141,toys,43.17,416
5142,food-5142,food,44.54,423
5143,electronics-5143,electronics,45.91,430
5144,clothing-5144,clothing,47.28,437
5145,books-5145,books,48.65,444
5146,home-5146,home,50.02,451
5147,toys-5147,toys,51.39,458
5148,food-5148,food,52.76,465
5149,electronics-5149,electronics,54.13,472
5150,clothing-5150,clothing,55.50,479
5151,books-5151,books,56.87,486
5152,home-5152,home,58.24,493
5153,toys-5153,toys,59.61,500
5154,food-5154,food,60.98,6
5155,electronics-5155,electronics,62.35,13
5156,clothing-5156,clothing,63.72,20
5157,books-5157,books,65.09,27
5158,home-5158,home,66.46,34
5159,toys-5159,toys,67.83,41
5160,food-5160,food,69.20,48
5161,electronics-5161,electronics,70.57,55
5162,clothing-5162,clothing,71.94,62
5163,books-5163,books,73.31,69
5164,home-5164,home,74.68,76
5165,toys-5165,toys,76.05,83
5166,food-5166,food,77.42,90
5167,electronics-5167,electronics,78.79,97
5168,clothing-5168,clothing,80.16,104
5169,books-5169,books,81.53,111
5170,home-5170,home,82.90,118
5171,toys-5171,toys,84.27,125
5172,food-5172,food,85.64,132
5173,electronics-5173,electronics,87.01,139
5174,clothing-5174,clothing,88.38,146
5175,books-5175,books,89.75,153
5176,home-5176,home,91.12,160
5177,toys-5177,toys,92.49,167
5178,food-5178,food,93.86,174
5179,electronics-5179,electronics,95.23,181
5180,clothing-5180,clothing,96.60,188
5181,books-5181,books,97.97,195
5182,home-5182,home,99.34,202
5183,toys-5183,toys,0.71,209
5184,food-5184,food,2.08,216
5185,electronics-5185,electronics,3.45,223
5186,clothing-5186,clothing,4.82,230
5187,books-5187,books,6.19,237
5188,home-5188,home,7.56,244
5189,toys-5189,toys,8.93,251
5190,food-5190,food,10.30,258
5191,electronics-5191,electronics,11.67,265
5192,clothing-5192,clothing,13.04,272
5193,books-5193,books,14.41,279
5194,home-5194,home,15.78,286
5195,toys-5195,toys,17.15,293
5196,food-5196,food,18.52,300
5197,electronics-5197,electronics,19.89,307
5198,clothing-5198,clothing,21.26,314
5199,books-5199,books,22.63,321
5200,home-5200,home,24.00,328
5201,toys-5201,toys,25.37,335
5202,food-5202,food,26.74,342
5203,electronics-5203,electronics,28.11,349
5204,clothing-5204,clothing,29.48,356
5205,books-5205,books,30.85,363
5206,home-5206,home,32.22,370
5207,toys-5207,toys,33.59,377
5208,food-5208,food,34.96,384
5209,electronics-5209,electronics,36.33,391
5210,clothing-5210,clothing,37.70,398
5211,books-5211,books,39.07,405
5212,home-5212,home,40.44,412
5213,toys-5213,toys,41.81,419
5214,food-5214,food,43.18,426
5215,electronics-5215,electronics,44.55,433
5216,clothing-5216,clothing,45.92,440
5217,books-5217,books,47.29,447
5218,home-5218,home,48.66,454
5219,toys-5219,toys,50.03,461
5220,food-5220,food,51.40,468
5221,electronics-5221,electronics,52.77,475
5222,clothing-5222,clothing,54.14,482
5223,books-5223,books,55.51,489
5224,home-5224,home,56.88,496
5225,toys-5225,toys,58.25,2
5226,food-5226,food,59.62,9
5227,electronics-5227,electronics,60.99,16
5228,clothing-5228,clothing,62.36,23
5229,books-5229,books,63.73,30
5230,home-5230,home,65.10,37
5231,toys-5231,toys,66.47,44
5232,food-5232,food,67.84,51
5233,electronics-5233,electronics,69.21,58
5234,clothing-5234,clothing,70.58,65
5235,books-5235,books,71.95,72
5236,home-5236,home,73.32,79
5237,toys-5237,toys,74.69,86
5238,food-5238,food,76.06,93
5239,electronics-5239,electronics,77.43,100
5240,clothing-5240,clothing,78.80,107
5241,books-5241,books,80.17,114
5242,home-5242,home,81.54,121
5243,toys-5243,toys,82.91,128
5244,food-5244,food,84.28,135
5245,electronics-5245,electronics,85.65,142
5246,clothing-5246,clothing,87.02,149
5247,books-5247,books,88.39,156
5248,home-5248,home,89.76,163
5249,toys-5249,toys,91.13,170
5250,food-5250,food,92.50,177
5251,electronics-5251,electronics,93.87,184
5252,clothing-5252,clothing,95.24,191
5253,books-5253,books,96.61,198
5254,home-5254,home,97.98,205
5255,toys-5255,toys,99.35,212
5256,food-5256,food,0.72,219
5257,electronics-5257,electronics,2.09,226
5258,clothing-5258,clothing,3.46,233
5259,books-5259,books,4.83,240
5260,home-5260,home,6.20,247
5261,toys-5261,toys,7.57,254
5262,food-5262,food,8.94,261
5263,electronics-5263,electronics,10.31,268
5264,clothing-5264,clothing,11.68,275
5265,books-5265,books,13.05,282
5266,home-5266,home,14.42,289
5267,toys-5267,toys,15.79,296
5268,food-5268,food,17.16,303
5269,electronics-5269,electronics,18.53,310
5270,clothing-5270,clothing,19.90,317
5271,books-5271,books,21.27,324
5272,home-5272,home,22.64,331
5273,toys-5273,toys,24.01,338
5274,food-5274,food,25.38,345
5275,electronics-5275,electronics,26.75,352
5276,clothing-5276,clothing,28.12,359
5277,books-5277,books,29.49,366
5278,home-5278,home,30.86,373
5279,toys-5279,toys,32.23,380
5280,food-5280,food,33.60,387
5281,electronics-5281,electronics,34.97,394
5282,clothing-5282,clothing,36.34,401
5283,books-5283,books,37.71,408
5284,home-5284,home,39.08,415
5285,toys-5285,toys,40.45,422
5286,food-5286,food,41.82,429
5287,electronics-5287,electronics,43.19,436
5288,clothing-5288,clothing,44.56,443
5289,books-5289,books,45.93,450
5290,home-5290,home,47.30,457
5291,toys-5291,toys,48.67,464
5292,food-5292,food,50.04,471
5293,electronics-5293,electronics,51.41,478
5294,clothing-5294,clothing,52.78,485
5295,books-5295,books,54.15,492
5296,home-5296,home,55.52,499
5297,toys-5297,toys,56.89,5
5298,food-5298,food,58.26,12
5299,electronics-5299,electronics,59.63,19
5300,clothing-5300,clothing,61.00,26
5301,books-5301,books,62.37,33
5302,home-5302,home,63.74,40
5303,toys-5303,toys,65.11,47
5304,food-5304,food,66.48,54
5305,electronics-5305,electronics,67.85,61
5306,clothing-5306,clothing,69.22,68
5307,books-5307,books,70.59,75
5308,home-5308,home,71.96,82
5309,toys-5309,toys,73.33,89
5310,food-5310,food,74.70,96
5311,electronics-5311,electronics,76.07,103
5312,clothing-5312,clothing,77.44,110
5313,books-5313,books,78.81,117
5314,home-5314,home,80.18,124
5315,toys-5315,toys,81.55,131
5316,food-5316,food,82.92,138
5317,electronics-5317,electronics,84.29,145
5318,clothing-5318,clothing,85.66,152
5319,books-5319,books,87.03,159
5320,home-5320,home,88.40,166
5321,toys-5321,toys,89.77,173
5322,food-5322,food,91.14,180
5323,electronics-5323,electronics,92.51,187
5324,clothing-5324,clothing,93.88,194
5325,books-5325,books,95.25,201
5326,home-5326,home,96.62,208
5327,toys-5327,toys,97.99,215
5328,food-5328,food,99.36,222
5329,electronics-5329,electronics,0.73,229
5330,clothing-5330,clothing,2.10,236
5331,books-5331,books,3.47,243
5332,home-5332,home,4.84,250
5333,toys-5333,toys,6.21,257
5334,food-5334,food,7.58,264
5335,electronics-5335,electronics,8.95,271
5336,clothing-5336,clothing,10.32,278
5337,books-5337,books,11.69,285
5338,home-5338,home,13.06,292
5339,toys-5339,toys,14.43,299
5340,food-5340,food,15.80,306
5341,electronics-5341,electronics,17.17,313
5342,clothing-5342,clothing,18.54,320
5343,books-5343,books,19.91,327
5344,home-5344,home,21.28,334
5345,toys-5345,toys,22.65,341
5346,food-5346,food,24.02,348
5347,electronics-5347,electronics,25.39,355
5348,clothing-5348,clothing,26.76,362
5349,books-5349,books,28.13,369
5350,home-5350,home,29.50,376
5351,toys-5351,toys,30.87,383
5352,food-5352,food,32.24,390
5353,electronics-5353,electronics,33.61,397
5354,clothing-5354,clothing,34.98,404
5355,books-5355,books,36.35,411
5356,home-5356,home,37.72,418
5357,toys-5357,toys,39.09,425
5358,food-5358,food,40.46,432
5359,electronics-5359,electronics,41.83,439
5360,clothing-5360,clothing,43.20,446
5361,books-5361,books,44.57,453
5362,home-5362,home,45.94,460
5363,toys-5363,toys,47.31,467
5364,food-5364,food,48.68,474
5365,electronics-5365,electronics,50.05,481
5366,clothing-5366,clothing,51.42,488
5367,books-5367,books,52.79,495
5368,home-5368,home,54.16,1
5369,toys-5369,toys,55.53,8
5370,food-5370,food,56.90,15
5371,electronics-5371,electronics,58.27,22
5372,clothing-5372,clothing,59.64,29
5373,books-5373,books,61.01,36
5374,home-5374,home,62.38,43
5375,toys-5375,toys,63.75,50
5376,food-5376,food,65.12,57
5377,electronics-5377,electronics,66.49,64
5378,clothing-5378,clothing,67.86,71
5379,books-5379,books,69.23,78
5380,home-5380,home,70.60,85
5381,toys-5381,toys,71.97,92
5382,food-5382,food,73.34,99
5383,electronics-5383,electronics,74.71,106
5384,clothing-5384,clothing,76.08,113
5385,books-5385,books,77.45,120
5386,home-5386,home,78.82,127
5387,toys-5387,toys,80.19,134
5388,food-5388,food,81.56,141
5389,electronics-5389,electronics,82.93,148
5390,clothing-5390,clothing,84.30,155
5391,books-5391,books,85.67,162
5392,home-5392,home,87.04,169
5393,toys-5393,toys,88.41,176
5394,food-5394,food,89.78,183
5395,electronics-5395,electronics,91.15,190
5396,clothing-5396,clothing,92.52,197
5397,books-5397,books,93.89,204
5398,home-5398,home,95.26,211
5399,toys-5399,toys,96.63,218
5400,food-5400,food,98.00,225
5401,electronics-5401,electronics,99.37,232
5402,clothing-5402,clothing,0.74,239
5403,books-5403,books,2.11,246
5404,home-5404,home,3.48,253
5405,toys-5405,toys,4.85,260
5406,food-5406,food,6.22,267
5407,electronics-5407,electronics,7.59,274
5408,clothing-5408,clothing,8.96,281
5409,books-5409,books,10.33,288
5410,home-5410,home,11.70,295
5411,toys-5411,toys,13.07,302
5412,food-5412,food,14.44,309
5413,electronics-5413,electronics,15.81,316
5414,clothing-5414,clothing,17.18,323
5415,books-5415,books,18.55,330
5416,home-5416,home,19.92,337
5417,toys-5417,toys,21.29,344
5418,food-5418,food,22.66,351
5419,electronics-5419,electronics,24.03,358
5420,clothing-5420,clothing,25.40,365
5421,books-5421,books,26.77,372
5422,home-5422,home,28.14,379
5423,toys-5423,toys,29.51,386
5424,food-5424,food,30.88,393
5425,electronics-5425,electronics,32.25,400
5426,clothing-5426,clothing,33.62,407
5427,books-5427,books,34.99,414
5428,home-5428,home,36.36,421
5429,toys-5429,toys,37.73,428
5430,food-5430,food,39.10,435
5431,electronics-5431,electronics,40.47,442
5432,clothing-5432,clothing,41.84,449
5433,books-5433,books,43.21,456
5434,home-5434,home,44.58,463
5435,toys-5435,toys,45.95,470
5436,food-5436,food,47.32,477
5437,electronics-5437,electronics,48.69,484
5438,clothing-5438,clothing,50.06,491
5439,books-5439,books,51.43,498
5440,home-5440,home,52.80,4
5441,toys-5441,toys,54.17,11
5442,food-5442,food,55.54,18
5443,electronics-5443,electronics,56.91,25
5444,clothing-5444,clothing,58.28,32
5445,books-5445,books,59.65,39
5446,home-5446,home,61.02,46
5447,toys-5447,toys,62.39,53
5448,food-5448,food,63.76,60
5449,electronics-5449,electronics,65.13,67
5450,clothing-5450,clothing,66.50,74
5451,books-5451,books,67.87,81
5452,home-5452,home,69.24,88
5453,toys-5453,toys,70.61,95
5454,food-5454,food,71.98,102
5455,electronics-5455,electronics,73.35,109
5456,clothing-5456,clothing,74.72,116
5457,books-5457,books,76.09,123
5458,home-5458,home,77.46,130
5459,toys-5459,toys,78.83,137
5460,food-5460,food,80.20,144
5461,electronics-5461,electronics,81.57,151
5462,clothing-5462,clothing,82.94,158
5463,books-5463,books,84.31,165
5464,home-5464,home,85.68,172
5465,toys-5465,toys,87.05,179
5466,food-5466,food,88.42,186
5467,electronics-5467,electronics,89.79,193
5468,clothing-5468,clothing,91.16,200
5469,books-5469,books,92.53,207
5470,home-5470,home,93.90,214
5471,toys-5471,toys,95.27,221
5472,food-5472,food,96.64,228
5473,electronics-5473,electronics,98.01,235
5474,clothing-5474,clothing,99.38,242
5475,books-5475,books,0.75,249
5476,home-5476,home,2.12,256
5477,toys-5477,toys,3.49,263
5478,food-5478,food,4.86,270
5479,electronics-5479,electronics,6.23,277
5480,clothing-5480,clothing,7.60,284
5481,books-5481,books,8.97,291
5482,home-5482,home,10.34,298
5483,toys-5483,toys,11.71,305
5484,food-5484,food,13.08,312
5485,electronics-5485,electronics,14.45,319
5486,clothing-5486,clothing,15.82,326
5487,books-5487,books,17.19,333
5488,home-5488,home,18.56,340
5489,toys-5489,toys,19.93,347
5490,food-5490,food,21.30,354
5491,electronics-5491,electronics,22.67,361
5492,clothing-5492,clothing,24.04,368
5493,books-5493,books,25.41,375
5494,home-5494,home,26.78,382
5495,toys-5495,toys,28.15,389
5496,food-5496,food,29.52,396
5497,electronics-5497,electronics,30.89,403
5498,clothing-5498,clothing,32.26,410
5499,books-5499,books,33.63,417
5500,home-5500,home,35.00,424
5501,toys-5501,toys,36.37,431
5502,food-5502,food,37.74,438
5503,electronics-5503,electronics,39.11,445
5504,clothing-5504,clothing,40.48,452
5505,books-5505,books,41.85,459
5506,home-5506,home,43.22,466
5507,toys-5507,toys,44.59,473
5508,food-5508,food,45.96,480
5509,electronics-5509,electronics,47.33,487
5510,clothing-5510,clothing,48.70,494
5511,books-5511,books,50.07,0
5512,home-5512,home,51.44,7
5513,toys-5513,toys,52.81,14
5514,food-5514,food,54.18,21
5515,electronics-5515,electronics,55.55,28
5516,clothing-5516,clothing,56.92,35
5517,books-5517,books,58.29,42
5518,home-5518,home,59.66,49
5519,toys-5519,toys,61.03,56
5520,food-5520,food,62.40,63
5521,electronics-5521,electronics,63.77,70
5522,clothing-5522,clothing,65.14,77
5523,books-5523,books,66.51,84
5524,home-5524,home,67.88,91
5525,toys-5525,toys,69.25,98
5526,food-5526,food,70.62,105
5527,electronics-5527,electronics,71.99,112
5528,clothing-5528,clothing,73.36,119
5529,books-5529,books,74.73,126
5530,home-5530,home,76.10,133
5531,toys-5531,toys,77.47,140
5532,food-5532,food,78.84,147
5533,electronics-5533,electronics,80.21,154
5534,clothing-5534,clothing,81.58,161
5535,books-5535,books,82.95,168
5536,home-5536,home,84.32,175
5537,toys-5537,toys,85.69,182
5538,food-5538,food,87.06,189
5539,electronics-5539,electronics,88.43,196
5540,clothing-5540,clothing,89.80,203
5541,books-5541,books,91.17,210
5542,home-5542,home,92.54,217
5543,toys-5543,toys,93.91,224
5544,food-5544,food,95.28,231
5545,electronics-5545,electronics,96.65,238
5546,clothing-5546,clothing,98.02,245
5547,books-5547,books,99.39,252
5548,home-5548,home,0.76,259
5549,toys-5549,toys,2.13,266
5550,food-5550,food,3.50,273
5551,electronics-5551,electronics,4.87,280
5552,clothing-5552,clothing,6.24,287
5553,books-5553,books,7.61,294
5554,home-5554,home,8.98,301
5555,toys-5555,toys,10.35,308
5556,food-5556,food,11.72,315
5557,electronics-5557,electronics,13.09,322
5558,clothing-5558,clothing,14.46,329
5559,books-5559,books,15.83,336
5560,home-5560,home,17.20,343
5561,toys-5561,toys,18.57,350
5562,food-5562,food,19.94,357
5563,electronics-5563,electronics,21.31,364
5564,clothing-5564,clothing,22.68,371
5565,books-5565,books,24.05,378
5566,home-5566,home,25.42,385
5567,toys-5567,toys,26.79,392
5568,food-5568,food,28.16,399
5569,electronics-5569,electronics,29.53,406
5570,clothing-5570,clothing,30.90,413
5571,books-5571,books,32.27,420
5572,home-5572,home,33.64,427
5573,toys-5573,toys,35.01,434
5574,food-5574,food,36.38,441
5575,electronics-5575,electronics,37.75,448
5576,clothing-5576,clothing,39.12,455
5577,books-5577,books,40.49,462
5578,home-5578,home,41.86,469
5579,toys-5579,toys,43.23,476
5580,food-5580,food,44.60,483
5581,electronics-5581,electronics,45.97,490
5582,clothing-5582,clothing,47.34,497
5583,books-5583,books,48.71,3
5584,home-5584,home,50.08,10
5585,toys-5585,toys,51.45,17
5586,food-5586,food,52.82,24
5587,electronics-5587,electronics,54.19,31
5588,clothing-5588,clothing,55.56,38
5589,books-5589,books,56.93,45
5590,home-5590,home,58.30,52
5591,toys-5591,toys,59.67,59
5592,food-5592,food,61.04,66
5593,electronics-5593,electronics,62.41,73
5594,clothing-5594,clothing,63.78,80
5595,books-5595,books,65.15,87
5596,home-5596,home,66.52,94
5597,toys-5597,toys,67.89,101
5598,food-5598,food,69.26,108
5599,electronics-5599,electronics,70.63,115
5600,clothing-5600,clothing,72.00,122
5601,books-5601,books,73.37,129
5602,home-5602,home,74.74,136
5603,toys-5603,toys,76.11,143
5604,food-5604,food,77.48,150
5605,electronics-5605,electronics,78.85,157
5606,clothing-5606,clothing,80.22,164
5607,books-5607,books,81.59,171
5608,home-5608,home,82.96,178
5609,toys-5609,toys,84.33,185
5610,food-5610,food,85.70,192
5611,electronics-5611,electronics,87.07,199
5612,clothing-5612,clothing,88.44,206
5613,books-5613,books,89.81,213
5614,home-5614,home,91.18,220
5615,toys-5615,toys,92.55,227
5616,food-5616,food,93.92,234
5617,electronics-5617,electronics,95.29,241
5618,clothing-5618,clothing,96.66,248
5619,books-5619,books,98.03,255
5620,home-5620,home,99.40,262
5621,toys-5621,toys,0.77,269
5622,food-5622,food,2.14,276
5623,electronics-5623,electronics,3.51,283
5624,clothing-5624,clothing,4.88,290
5625,books-5625,books,6.25,297
5626,home-5626,home,7.62,304
5627,toys-5627,toys,8.99,311
5628,food-5628,food,10.36,318
5629,electronics-5629,electronics,11.73,325
5630,clothing-5630,clothing,13.10,332
5631,books-5631,books,14.47,339
5632,home-5632,home,15.84,346
5633,toys-5633,toys,17.21,353
5634,food-5634,food,18.58,360
5635,electronics-5635,electronics,19.95,367
5636,clothing-5636,clothing,21.32,374
5637,books-5637,books,22.69,381
5638,home-5638,home,24.06,388
5639,toys-5639,toys,25.43,395
5640,food-5640,food,26.80,402
5641,electronics-5641,electronics,28.17,409
5642,clothing-5642,clothing,29.54,416
5643,books-5643,books,30.91,423
5644,home-5644,home,32.28,430
5645,toys-5645,toys,33.65,437
5646,food-5646,food,35.02,444
5647,electronics-5647,electronics,36.39,451
5648,clothing-5648,clothing,37.76,458
5649,books-5649,books,39.13,465
5650,home-5650,home,40.50,472
5651,toys-5651,toys,41.87,479
5652,food-5652,food,43.24,486
5653,electronics-5653,electronics,44.61,493
5654,clothing-5654,clothing,45.98,500
5655,books-5655,books,47.35,6
5656,home-5656,home,48.72,13
5657,toys-5657,toys,50.09,20
5658,food-5658,food,51.46,27
5659,electronics-5659,electronics,52.83,34
5660,clothing-5660,clothing,54.20,41
5661,books-5661,books,55.57,48
5662,home-5662,home,56.94,55
5663,toys-5663,toys,58.31,62
5664,food-5664,food,59.68,69
5665,electronics-5665,electronics,61.05,76
5666,clothing-5666,clothing,62.42,83
5667,books-5667,books,63.79,90
5668,home-5668,home,65.16,97
5669,toys-5669,toys,66.53,104
5670,food-5670,food,67.90,111
5671,electronics-5671,electronics,69.27,118
5672,clothing-5672,clothing,70.64,125
5673,books-5673,books,72.01,132
5674,home-5674,home,73.38,139
5675,toys-5675,toys,74.75,146
5676,food-5676,food,76.12,153
5677,electronics-5677,electronics,77.49,160
5678,clothing-5678,clothing,78.86,167
5679,books-5679,books,80.23,174
5680,home-5680,home,81.60,181
5681,toys-5681,toys,82.97,188
5682,food-5682,food,84.34,195
5683,electronics-5683,electronics,85.71,202
5684,clothing-5684,clothing,87.08,209
5685,books-5685,books,88.45,216
5686,home-5686,home,89.82,223
5687,toys-5687,toys,91.19,230
5688,food-5688,food,92.56,237
5689,electronics-5689,electronics,93.93,244
5690,clothing-5690,clothing,95.30,251
5691,books-5691,books,96.67,258
5692,home-5692,home,98.04,265
5693,toys-5693,toys,99.41,272
5694,food-5694,food,0.78,279
5695,electronics-5695,electronics,2.15,286
5696,clothing-5696,clothing,3.52,293
5697,books-5697,books,4.89,300
5698,home-5698,home,6.26,307
5699,toys-5699,toys,7.63,314
5700,food-5700,food,9.00,321
5701,electronics-5701,electronics,10.37,328
5702,clothing-5702,clothing,11.74,335
5703,books-5703,books,13.11,342
5704,home-5704,home,14.48,349
5705,toys-5705,toys,15.85,356
5706,food-5706,food,17.22,363
5707,electronics-5707,electronics,18.59,370
5708,clothing-5708,clothing,19.96,377
5709,books-5709,books,21.33,384
5710,home-5710,home,22.70,391
5711,toys-5711,toys,24.07,398
5712,food-5712,food,25.44,405
5713,electronics-5713,electronics,26.81,412
5714,clothing-5714,clothing,28.18,419
5715,books-5715,books,29.55,426
5716,home-5716,home,30.92,433
5717,toys-5717,toys,32.29,440
5718,food-5718,food,33.66,447
5719,electronics-5719,electronics,35.03,454
5720,clothing-5720,clothing,36.40,461
5721,books-5721,books,37.77,468
5722,home-5722,home,39.14,475
5723,toys-5723,toys,40.51,482
5724,food-5724,food,41.88,489
5725,electronics-5725,electronics,43.25,496
5726,clothing-5726,clothing,44.62,2
5727,books-5727,books,45.99,9
5728,home-5728,home,47.36,16
5729,toys-5729,toys,48.73,23
5730,food-5730,food,50.10,30
5731,electronics-5731,electronics,51.47,37
5732,clothing-5732,clothing,52.84,44
5733,books-5733,books,54.21,51
5734,home-5734,home,55.58,58
5735,toys-5735,toys,56.95,65
5736,food-5736,food,58.32,72
5737,electronics-5737,electronics,59.69,79
5738,clothing-5738,clothing,61.06,86
5739,books-5739,books,62.43,93
5740,home-5740,home,63.80,100
5741,toys-5741,toys,65.17,107
5742,food-5742,food,66.54,114
5743,electronics-5743,electronics,67.91,121
5744,clothing-5744,clothing,69.28,128
5745,books-5745,books,70.65,135
5746,home-5746,home,72.02,142
5747,toys-5747,toys,73.39,149
5748,food-5748,food,74.76,156
5749,electronics-5749,electronics,76.13,163
5750,clothing-5750,clothing,77.50,170
5751,books-5751,books,78.87,177
5752,home-5752,home,80.24,184
5753,toys-5753,toys,81.61,191
5754,food-5754,food,82.98,198
5755,electronics-5755,electronics,84.35,205
5756,clothing-5756,clothing,85.72,212
5757,books-5757,books,87.09,219
5758,home-5758,home,88.46,226
5759,toys-5759,toys,89.83,233
5760,food-5760,food,91.20,240
5761,electronics-5761,electronics,92.57,247
5762,clothing-5762,clothing,93.94,254
5763,books-5763,books,95.31,261
5764,home-5764,home,96.68,268
5765,toys-5765,toys,98.05,275
5766,food-5766,food,99.42,282
5767,electronics-5767,electronics,0.79,289
5768,clothing-5768,clothing,2.16,296
5769,books-5769,books,3.53,303
5770,home-5770,home,4.90,310
5771,toys-5771,toys,6.27,317
5772,food-5772,food,7.64,324
5773,electronics-5773,electronics,9.01,331
5774,clothing-5774,clothing,10.38,338
5775,books-5775,books,11.75,345
5776,home-5776,home,13.12,352
5777,toys-5777,toys,14.49,359
5778,food-5778,food,15.86,366
5779,electronics-5779,electronics,17.23,373
5780,clothing-5780,clothing,18.60,380
5781,books-5781,books,19.97,387
5782,home-5782,home,21.34,394
5783,toys-5783,toys,22.71,401
5784,food-5784,food,24.08,408
5785,electronics-5785,electronics,25.45,415
5786,clothing-5786,clothing,26.82,422
5787,books-5787,books,28.19,429
5788,home-5788,home,29.56,436
5789,toys-5789,toys,30.93,443
5790,food-5790,food,32.30,450
5791,electronics-5791,electronics,33.67,457
5792,clothing-5792,clothing,35.04,464
5793,books-5793,books,36.41,471
5794,home-5794,home,37.78,478
5795,toys-5795,toys,39.15,485
5796,food-5796,food,40.52,492
5797,electronics-5797,electronics,41.89,499
5798,clothing-5798,clothing,43.26,5
5799,books-5799,books,44.63,12
5800,home-5800,home,46.00,19
5801,toys-5801,toys,47.37,26
5802,food-5802,food,48.74,33
5803,electronics-5803,electronics,50.11,40
5804,clothing-5804,clothing,51.48,47
5805,books-5805,books,52.85,54
5806,home-5806,home,54.22,61
5807,toys-5807,toys,55.59,68
5808,food-5808,food,56.96,75
5809,electronics-5809,electronics,58.33,82
5810,clothing-5810,clothing,59.70,89
5811,books-5811,books,61.07,96
5812,home-5812,home,62.44,103
5813,toys-5813,toys,63.81,110
5814,food-5814,food,65.18,117
5815,electronics-5815,electronics,66.55,124
5816,clothing-5816,clothing,67.92,131
5817,books-5817,books,69.29,138
5818,home-5818,home,70.66,145
5819,toys-5819,toys,72.03,152
5820,food-5820,food,73.40,159
5821,electronics-5821,electronics,74.77,166
5822,clothing-5822,clothing,76.14,173
5823,books-5823,books,77.51,180
5824,home-5824,home,78.88,187
5825,toys-5825,toys,80.25,194
5826,food-5826,food,81.62,201
5827,electronics-5827,electronics,82.99,208
5828,clothing-5828,clothing,84.36,215
5829,books-5829,books,85.73,222
5830,home-5830,home,87.10,229
5831,toys-5831,toys,88.47,236
5832,food-5832,food,89.84,243
5833,electronics-5833,electronics,91.21,250
5834,clothing-5834,clothing,92.58,257
5835,books-5835,books,93.95,264
5836,home-5836,home,95.32,271
5837,toys-5837,toys,96.69,278
5838,food-5838,food,98.06,285
5839,electronics-5839,electronics,99.43,292
5840,clothing-5840,clothing,0.80,299
5841,books-5841,books,2.17,306
5842,home-5842,home,3.54,313
5843,toys-5843,toys,4.91,320
5844,food-5844,food,6.28,327
5845,electronics-5845,electronics,7.65,334
5846,clothing-5846,clothing,9.02,341
5847,books-5847,books,10.39,348
5848,home-5848,home,11.76,355
5849,toys-5849,toys,13.13,362
5850,food-5850,food,14.50,369
5851,electronics-5851,electronics,15.87,376
5852,clothing-5852,clothing,17.24,383
5853,books-5853,books,18.61,390
5854,home-5854,home,19.98,397
5855,toys-5855,toys,21.35,404
5856,food-5856,food,22.72,411
5857,electronics-5857,electronics,24.09,418
5858,clothing-5858,clothing,25.46,425
5859,books-5859,books,26.83,432
5860,home-5860,home,28.20,439
5861,toys-5861,toys,29.57,446
5862,food-5862,food,30.94,453
5863,electronics-5863,electronics,32.31,460
5864,clothing-5864,clothing,33.68,467
5865,books-5865,books,35.05,474
5866,home-5866,home,36.42,481
5867,toys-5867,toys,37.79,488
5868,food-5868,food,39.16,495
5869,electronics-5869,electronics,40.53,1
5870,clothing-5870,clothing,41.90,8
5871,books-5871,books,43.27,15
5872,home-5872,home,44.64,22
5873,toys-5873,toys,46.01,29
5874,food-5874,food,47.38,36
5875,electronics-5875,electronics,48.75,43
5876,clothing-5876,clothing,50.12,50
5877,books-5877,books,51.49,57
5878,home-5878,home,52.86,64
5879,toys-5879,toys,54.23,71
5880,food-5880,food,55.60,78
5881,electronics-5881,electronics,56.97,85
5882,clothing-5882,clothing,58.34,92
5883,books-5883,books,59.71,99
5884,home-5884,home,61.08,106
5885,toys-5885,toys,62.45,113
5886,food-5886,food,63.82,120
5887,electronics-5887,electronics,65.19,127
5888,clothing-5888,clothing,66.56,134
5889,books-5889,books,67.93,141
5890,home-5890,home,69.30,148
5891,toys-5891,toys,70.67,155
5892,food-5892,food,72.04,162
5893,electronics-5893,electronics,73.41,169
5894,clothing-5894,clothing,74.78,176
5895,books-5895,books,76.15,183
5896,home-5896,home,77.52,190
5897,toys-5897,toys,78.89,197
5898,food-5898,food,80.26,204
5899,electronics-5899,electronics,81.63,211
5900,clothing-5900,clothing,83.00,218
5901,books-5901,books,84.37,225
5902,home-5902,home,85.74,232
5903,toys-5903,toys,87.11,239
5904,food-5904,food,88.48,246
5905,electronics-5905,electronics,89.85,253
5906,clothing-5906,clothing,91.22,260
5907,books-5907,books,92.59,267
5908,home-5908,home,93.96,274
5909,toys-5909,toys,95.33,281
5910,food-5910,food,96.70,288
5911,electronics-5911,electronics,98.07,295
5912,clothing-5912,clothing,99.44,302
5913,books-5913,books,0.81,309
5914,home-5914,home,2.18,316
5915,toys-5915,toys,3.55,323
5916,food-5916,food,4.92,330
5917,electronics-5917,electronics,6.29,337
5918,clothing-5918,clothing,7.66,344
5919,books-5919,books,9.03,351
5920,home-5920,home,10.40,358
5921,toys-5921,toys,11.77,365
5922,food-5922,food,13.14,372
5923,electronics-5923,electronics,14.51,379
5924,clothing-5924,clothing,15.88,386
5925,books-5925,books,17.25,393
5926,home-5926,home,18.62,400
5927,toys-5927,toys,19.99,407
5928,food-5928,food,21.36,414
5929,electronics-5929,electronics,22.73,421
5930,clothing-5930,clothing,24.10,428
5931,books-5931,books,25.47,435
5932,home-5932,home,26.84,442
5933,toys-5933,toys,28.21,449
5934,food-5934,food,29.58,456
5935,electronics-5935,electronics,30.95,463
5936,clothing-5936,clothing,32.32,470
5937,books-5937,books,33.69,477
5938,home-5938,home,35.06,484
5939,toys-5939,toys,36.43,491
5940,food-5940,food,37.80,498
5941,electronics-5941,electronics,39.17,4
5942,clothing-5942,clothing,40.54,11
5943,books-5943,books,41.91,18
5944,home-5944,home,43.28,25
5945,toys-5945,toys,44.65,32
5946,food-5946,food,46.02,39
5947,electronics-5947,electronics,47.39,46
5948,clothing-5948,clothing,48.76,53
5949,books-5949,books,50.13,60
5950,home-5950,home,51.50,67
5951,toys-5951,toys,52.87,74
5952,food-5952,food,54.24,81
5953,electronics-5953,electronics,55.61,88
5954,clothing-5954,clothing,56.98,95
5955,books-5955,books,58.35,102
5956,home-5956,home,59.72,109
5957,toys-5957,toys,61.09,116
5958,food-5958,food,62.46,123
5959,electronics-5959,electronics,63.83,130
5960,clothing-5960,clothing,65.20,137
5961,books-5961,books,66.57,144
5962,home-5962,home,67.94,151
5963,toys-5963,toys,69.31,158
5964,food-5964,food,70.68,165
5965,electronics-5965,electronics,72.05,172
5966,clothing-5966,clothing,73.42,179
5967,books-5967,books,74.79,186
5968,home-5968,home,76.16,193
5969,toys-5969,toys,77.53,200
5970,food-5970,food,78.90,207
5971,electronics-5971,electronics,80.27,214
5972,clothing-5972,clothing,81.64,221
5973,books-5973,books,83.01,228
5974,home-5974,home,84.38,235
5975,toys-5975,toys,85.75,242
5976,food-5976,food,87.12,249
5977,electronics-5977,electronics,88.49,256
5978,clothing-5978,clothing,89.86,263
5979,books-5979,books,91.23,270
5980,home-5980,home,92.60,277
5981,toys-5981,toys,93.97,284
5982,food-5982,food,95.34,291
5983,electronics-5983,electronics,96.71,298
5984,clothing-5984,clothing,98.08,305
5985,books-5985,books,99.45,312
5986,home-5986,home,0.82,319
5987,toys-5987,toys,2.19,326
5988,food-5988,food,3.56,333
5989,electronics-5989,electronics,4.93,340
5990,clothing-5990,clothing,6.30,347
5991,books-5991,books,7.67,354
5992,home-5992,home,9.04,361
5993,toys-5993,toys,10.41,368
5994,food-5994,food,11.78,375
5995,electronics-5995,electronics,13.15,382
5996,clothing-5996,clothing,14.52,389
5997,books-5997,books,15.89,396
5998,home-5998,home,17.26,403
5999,toys-5999,toys,18.63,410
6000,food-6000,food,20.00,417
6001,electronics-6001,electronics,21.37,424
6002,clothing-6002,clothing,22.74,431
6003,books-6003,books,24.11,438
6004,home-6004,home,25.48,445
6005,toys-6005,toys,26.85,452
6006,food-6006,food,28.22,459
6007,electronics-6007,electronics,29.59,466
6008,clothing-6008,clothing,30.96,473
6009,books-6009,books,32.33,480
6010,home-6010,home,33.70,487
6011,toys-6011,toys,35.07,494
6012,food-6012,food,36.44,0
6013,electronics-6013,electronics,37.81,7
6014,clothing-6014,clothing,39.18,14
6015,books-6015,books,40.55,21
6016,home-6016,home,41.92,28
6017,toys-6017,toys,43.29,35
6018,food-6018,food,44.66,42
6019,electronics-6019,electronics,46.03,49
6020,clothing-6020,clothing,47.40,56
6021,books-6021,books,48.77,63
6022,home-6022,home,50.14,70
6023,toys-6023,toys,51.51,77
6024,food-6024,food,52.88,84
6025,electronics-6025,electronics,54.25,91
6026,clothing-6026,clothing,55.62,98
6027,books-6027,books,56.99,105
6028,home-6028,home,58.36,112
6029,toys-6029,toys,59.73,119
6030,food-6030,food,61.10,126
6031,electronics-6031,electronics,62.47,133
6032,clothing-6032,clothing,63.84,140
6033,books-6033,books,65.21,147
6034,home-6034,home,66.58,154
6035,toys-6035,toys,67.95,161
6036,food-6036,food,69.32,168
6037,electronics-6037,electronics,70.69,175
6038,clothing-6038,clothing,72.06,182
6039,books-6039,books,73.43,189
6040,home-6040,home,74.80,196
6041,toys-6041,toys,76.17,203
6042,food-6042,food,77.54,210
6043,electronics-6043,electronics,78.91,217
6044,clothing-6044,clothing,80.28,224
6045,books-6045,books,81.65,231
6046,home-6046,home,83.02,238
6047,toys-6047,toys,84.39,245
6048,food-6048,food,85.76,252
6049,electronics-6049,electronics,87.13,259
6050,clothing-6050,clothing,88.50,266
6051,books-6051,books,89.87,273
6052,home-6052,home,91.24,280
6053,toys-6053,toys,92.61,287
6054,food-6054,food,93.98,294
6055,electronics-6055,electronics,95.35,301
6056,clothing-6056,clothing,96.72,308
6057,books-6057,books,98.09,315
6058,home-6058,home,99.46,322
6059,toys-6059,toys,0.83,329
6060,food-6060,food,2.20,336
6061,electronics-6061,electronics,3.57,343
6062,clothing-6062,clothing,4.94,350
6063,books-6063,books,6.31,357
6064,home-6064,home,7.68,364
6065,toys-6065,toys,9.05,371
6066,food-6066,food,10.42,378
6067,electronics-6067,electronics,11.79,385
6068,clothing-6068,clothing,13.16,392
6069,books-6069,books,14.53,399
6070,home-6070,home,15.90,406
6071,toys-6071,toys,17.27,413
6072,food-6072,food,18.64,420
6073,electronics-6073,electronics,20.01,427
6074,clothing-6074,clothing,21.38,434
6075,books-6075,books,22.75,441
6076,home-6076,home,24.12,448
6077,toys-6077,toys,25.49,455
6078,food-6078,food,26.86,462
6079,electronics-6079,electronics,28.23,469
6080,clothing-6080,clothing,29.60,476
6081,books-6081,books,30.97,483
6082,home-6082,home,32.34,490
6083,toys-6083,toys,33.71,497
6084,food-6084,food,35.08,3
6085,electronics-6085,electronics,36.45,10
6086,clothing-6086,clothing,37.82,17
6087,books-6087,books,39.19,24
6088,home-6088,home,40.56,31
6089,toys-6089,toys,41.93,38
6090,food-6090,food,43.30,45
6091,electronics-6091,electronics,44.67,52
6092,clothing-6092,clothing,46.04,59
6093,books-6093,books,47.41,66
6094,home-6094,home,48.78,73
6095,toys-6095,toys,50.15,80
6096,food-6096,food,51.52,87
6097,electronics-6097,electronics,52.89,94
6098,clothing-6098,clothing,54.26,101
6099,books-6099,books,55.63,108
6100,home-6100,home,57.00,115
6101,toys-6101,toys,58.37,122
6102,food-6102,food,59.74,129
6103,electronics-6103,electronics,61.11,136
6104,clothing-6104,clothing,62.48,143
6105,books-6105,books,63.85,150
6106,home-6106,home,65.22,157
6107,toys-6107,toys,66.59,164
6108,food-6108,food,67.96,171
6109,electronics-6109,electronics,69.33,178
6110,clothing-6110,clothing,70.70,185
6111,books-6111,books,72.07,192
6112,home-6112,home,73.44,199
6113,toys-6113,toys,74.81,206
6114,food-6114,food,76.18,213
6115,electronics-6115,electronics,77.55,220
6116,clothing-6116,clothing,78.92,227
6117,books-6117,books,80.29,234
6118,home-6118,home,81.66,241
6119,toys-6119,toys,83.03,248
6120,food-6120,food,84.40,255
6121,electronics-6121,electronics,85.77,262
6122,clothing-6122,clothing,87.14,269
6123,books-6123,books,88.51,276
6124,home-6124,home,89.88,283
6125,toys-6125,toys,91.25,290
6126,food-6126,food,92.62,297
6127,electronics-6127,electronics,93.99,304
6128,clothing-6128,clothing,95.36,311
6129,books-6129,books,96.73,318
6130,home-6130,home,98.10,325
6131,toys-6131,toys,99.47,332
6132,food-6132,food,0.84,339
6133,electronics-6133,electronics,2.21,346
6134,clothing-6134,clothing,3.58,353
6135,books-6135,books,4.95,360
6136,home-6136,home,6.32,367
6137,toys-6137,toys,7.69,374
6138,food-6138,food,9.06,381
6139,electronics-6139,electronics,10.43,388
6140,clothing-6140,clothing,11.80,395
6141,books-6141,books,13.17,402
6142,home-6142,home,14.54,409
6143,toys-6143,toys,15.91,416
6144,food-6144,food,17.28,423
6145,electronics-6145,electronics,18.65,430
6146,clothing-6146,clothing,20.02,437
6147,books-6147,books,21.39,444
6148,home-6148,home,22.76,451
6149,toys-6149,toys,24.13,458
6150,food-6150,food,25.50,465
6151,electronics-6151,electronics,26.87,472
6152,clothing-6152,clothing,28.24,479
6153,books-6153,books,29.61,486
6154,home-6154,home,30.98,493
6155,toys-6155,toys,32.35,500
6156,food-6156,food,33.72,6
6157,electronics-6157,electronics,35.09,13
6158,clothing-6158,clothing,36.46,20
6159,books-6159,books,37.83,27
6160,home-6160,home,39.20,34
6161,toys-6161,toys,40.57,41
6162,food-6162,food,41.94,48
6163,electronics-6163,electronics,43.31,55
6164,clothing-6164,clothing,44.68,62
6165,books-6165,books,46.05,69
6166,home-6166,home,47.42,76
6167,toys-6167,toys,48.79,83
6168,food-6168,food,50.16,90
6169,electronics-6169,electronics,51.53,97
6170,clothing-6170,clothing,52.90,104
6171,books-6171,books,54.27,111
6172,home-6172,home,55.64,118
6173,toys-6173,toys,57.01,125
6174,food-6174,food,58.38,132
6175,electronics-6175,electronics,59.75,139
6176,clothing-6176,clothing,61.12,146
6177,books-6177,books,62.49,153
6178,home-6178,home,63.86,160
6179,toys-6179,toys,65.23,167
6180,food-6180,food,66.60,174
6181,electronics-6181,electronics,67.97,181
6182,clothing-6182,clothing,69.34,188
6183,books-6183,books,70.71,195
6184,home-6184,home,72.08,202
6185,toys-6185,toys,73.45,209
6186,food-6186,food,74.82,216
6187,electronics-6187,electronics,76.19,223
6188,clothing-6188,clothing,77.56,230
6189,books-6189,books,78.93,237
6190,home-6190,home,80.30,244
6191,toys-6191,toys,81.67,251
6192,food-6192,food,83.04,258
6193,electronics-6193,electronics,84.41,265
6194,clothing-6194,clothing,85.78,272
6195,books-6195,books,87.15,279
6196,home-6196,home,88.52,286
6197,toys-6197,toys,89.89,293
6198,food-6198,food,91.26,300
6199,electronics-6199,electronics,92.63,307
6200,clothing-6200,clothing,94.00,314
6201,books-6201,books,95.37,321
6202,home-6202,home,96.74,328
6203,toys-6203,toys,98.11,335
6204,food-6204,food,99.48,342
6205,electronics-6205,electronics,0.85,349
6206,clothing-6206,clothing,2.22,356
6207,books-6207,books,3.59,363
6208,home-6208,home,4.96,370
6209,toys-6209,toys,6.33,377
6210,food-6210,food,7.70,384
6211,electronics-6211,electronics,9.07,391
6212,clothing-6212,clothing,10.44,398
6213,books-6213,books,11.81,405
6214,home-6214,home,13.18,412
6215,toys-6215,toys,14.55,419
6216,food-6216,food,15.92,426
6217,electronics-6217,electronics,17.29,433
6218,clothing-6218,clothing,18.66,440
6219,books-6219,books,20.03,447
6220,home-6220,home,21.40,454
6221,toys-6221,toys,22.77,461
6222,food-6222,food,24.14,468
6223,electronics-6223,electronics,25.51,475
6224,clothing-6224,clothing,26.88,482
6225,books-6225,books,28.25,489
6226,home-6226,home,29.62,496
6227,toys-6227,toys,30.99,2
6228,food-6228,food,32.36,9
6229,electronics-6229,electronics,33.73,16
6230,clothing-6230,clothing,35.10,23
6231,books-6231,books,36.47,30
6232,home-6232,home,37.84,37
6233,toys-6233,toys,39.21,44
6234,food-6234,food,40.58,51
6235,electronics-6235,electronics,41.95,58
6236,clothing-6236,clothing,43.32,65
6237,books-6237,books,44.69,72
6238,home-6238,home,46.06,79
6239,toys-6239,toys,47.43,86
6240,food-6240,food,48.80,93
6241,electronics-6241,electronics,50.17,100
6242,clothing-6242,clothing,51.54,107
6243,books-6243,books,52.91,114
6244,home-6244,home,54.28,121
6245,toys-6245,toys,55.65,128
6246,food-6246,food,57.02,135
6247,electronics-6247,electronics,58.39,142
6248,clothing-6248,clothing,59.76,149
6249,books-6249,books,61.13,156
6250,home-6250,home,62.50,163
6251,toys-6251,toys,63.87,170
6252,food-6252,food,65.24,177
6253,electronics-6253,electronics,66.61,184
6254,clothing-6254,clothing,67.98,191
6255,books-6255,books,69.35,198
6256,home-6256,home,70.72,205
6257,toys-6257,toys,72.09,212
6258,food-6258,food,73.46,219
6259,electronics-6259,electronics,74.83,226
6260,clothing-6260,clothing,76.20,233
6261,books-6261,books,77.57,240
6262,home-6262,home,78.94,247
6263,toys-6263,toys,80.31,254
6264,food-6264,food,81.68,261
6265,electronics-6265,electronics,83.05,268
6266,clothing-6266,clothing,84.42,275
6267,books-6267,books,85.79,282
6268,home-6268,home,87.16,289
6269,toys-6269,toys,88.53,296
6270,food-6270,food,89.90,303
6271,electronics-6271,electronics,91.27,310
6272,clothing-6272,clothing,92.64,317
6273,books-6273,books,94.01,324
6274,home-6274,home,95.38,331
6275,toys-6275,toys,96.75,338
6276,food-6276,food,98.12,345
6277,electronics-6277,electronics,99.49,352
6278,clothing-6278,clothing,0.86,359
6279,books-6279,books,2.23,366
6280,home-6280,home,3.60,373
6281,toys-6281,toys,4.97,380
6282,food-6282,food,6.34,387
6283,electronics-6283,electronics,7.71,394
6284,clothing-6284,clothing,9.08,401
6285,books-6285,books,10.45,408
6286,home-6286,home,11.82,415
6287,toys-6287,toys,13.19,422
6288,food-6288,food,14.56,429
6289,electronics-6289,electronics,15.93,436
6290,clothing-6290,clothing,17.30,443
6291,books-6291,books,18.67,450
6292,home-6292,home,20.04,457
6293,toys-6293,toys,21.41,464
6294,food-6294,food,22.78,471
6295,electronics-6295,electronics,24.15,478
6296,clothing-6296,clothing,25.52,485
6297,books-6297,books,26.89,492
6298,home-6298,home,28.26,499
6299,toys-6299,toys,29.63,5
6300,food-6300,food,31.00,12
6301,electronics-6301,electronics,32.37,19
6302,clothing-6302,clothing,33.74,26
6303,books-6303,books,35.11,33
6304,home-6304,home,36.48,40
6305,toys-6305,toys,37.85,47
6306,food-6306,food,39.22,54
6307,electronics-6307,electronics,40.59,61
6308,clothing-6308,clothing,41.96,68
6309,books-6309,books,43.33,75
6310,home-6310,home,44.70,82
6311,toys-6311,toys,46.07,89
6312,food-6312,food,47.44,96
6313,electronics-6313,electronics,48.81,103
6314,clothing-6314,clothing,50.18,110
6315,books-6315,books,51.55,117
6316,home-6316,home,52.92,124
6317,toys-6317,toys,54.29,131
6318,food-6318,food,55.66,138
6319,electronics-6319,electronics,57.03,145
6320,clothing-6320,clothing,58.40,152
6321,books-6321,books,59.77,159
6322,home-6322,home,61.14,166
6323,toys-6323,toys,62.51,173
6324,food-6324,food,63.88,180
6325,electronics-6325,electronics,65.25,187
6326,clothing-6326,clothing,66.62,194
6327,books-6327,books,67.99,201
6328,home-6328,home,69.36,208
6329,toys-6329,toys,70.73,215
6330,food-6330,food,72.10,222
6331,electronics-6331,electronics,73.47,229
6332,clothing-6332,clothing,74.84,236
6333,books-6333,books,76.21,243
6334,home-6334,home,77.58,250
6335,toys-6335,toys,78.95,257
6336,food-6336,food,80.32,264
6337,electronics-6337,electronics,81.69,271
6338,clothing-6338,clothing,83.06,278
6339,books-6339,books,84.43,285
6340,home-6340,home,85.80,292
6341,toys-6341,toys,87.17,299
6342,food-6342,food,88.54,306
6343,electronics-6343,electronics,89.91,313
6344,clothing-6344,clothing,91.28,320
6345,books-6345,books,92.65,327
6346,home-6346,home,94.02,334
6347,toys-6347,toys,95.39,341
6348,food-6348,food,96.76,348
6349,electronics-6349,electronics,98.13,355
6350,clothing-6350,clothing,99.50,362
6351,books-6351,books,0.87,369
6352,home-6352,home,2.24,376
6353,toys-6353,toys,3.61,383
6354,food-6354,food,4.98,390
6355,electronics-6355,electronics,6.35,397
6356,clothing-6356,clothing,7.72,404
6357,books-6357,books,9.09,411
6358,home-6358,home,10.46,418
6359,toys-6359,toys,11.83,425
6360,food-6360,food,13.20,432
6361,electronics-6361,electronics,14.57,439
6362,clothing-6362,clothing,15.94,446
6363,books-6363,books,17.31,453
6364,home-6364,home,18.68,460
6365,toys-6365,toys,20.05,467
6366,food-6366,food,21.42,474
6367,electronics-6367,electronics,22.79,481
6368,clothing-6368,clothing,24.16,488
6369,books-6369,books,25.53,495
6370,home-6370,home,26.90,1
6371,toys-6371,toys,28.27,8
6372,food-6372,food,29.64,15
6373,electronics-6373,electronics,31.01,22
6374,clothing-6374,clothing,32.38,29
6375,books-6375,books,33.75,36
6376,home-6376,home,35.12,43
6377,toys-6377,toys,36.49,50
6378,food-6378,food,37.86,57
6379,electronics-6379,electronics,39.23,64
6380,clothing-6380,clothing,40.60,71
6381,books-6381,books,41.97,78
6382,home-6382,home,43.34,85
6383,toys-6383,toys,44.71,92
6384,food-6384,food,46.08,99
6385,electronics-6385,electronics,47.45,106
6386,clothing-6386,clothing,48.82,113
6387,books-6387,books,50.19,120
6388,home-6388,home,51.56,127
6389,toys-6389,toys,52.93,134
6390,food-6390,food,54.30,141
6391,electronics-6391,electronics,55.67,148
6392,clothing-6392,clothing,57.04,155
6393,books-6393,books,58.41,162
6394,home-6394,home,59.78,169
6395,toys-6395,toys,61.15,176
6396,food-6396,food,62.52,183
6397,electronics-6397,electronics,63.89,190
6398,clothing-6398,clothing,65.26,197
6399,books-6399,books,66.63,204
6400,home-6400,home,68.00,211
6401,toys-6401,toys,69.37,218
6402,food-6402,food,70.74,225
6403,electronics-6403,electronics,72.11,232
6404,clothing-6404,clothing,73.48,239
6405,books-6405,books,74.85,246
6406,home-6406,home,76.22,253
6407,toys-6407,toys,77.59,260
6408,food-6408,food,78.96,267
6409,electronics-6409,electronics,80.33,274
6410,clothing-6410,clothing,81.70,281
6411,books-6411,books,83.07,288
6412,home-6412,home,84.44,295
6413,toys-6413,toys,85.81,302
6414,food-6414,food,87.18,309
6415,electronics-6415,electronics,88.55,316
6416,clothing-6416,clothing,89.92,323
6417,books-6417,books,91.29,330
6418,home-6418,home,92.66,337
6419,toys-6419,toys,94.03,344
6420,food-6420,food,95.40,351
6421,electronics-6421,electronics,96.77,358
6422,clothing-6422,clothing,98.14,365
6423,books-6423,books,99.51,372
6424,home-6424,home,0.88,379
6425,toys-6425,toys,2.25,386
6426,food-6426,food,3.62,393
6427,electronics-6427,electronics,4.99,400
6428,clothing-6428,clothing,6.36,407
6429,books-6429,books,7.73,414
6430,home-6430,home,9.10,421
6431,toys-6431,toys,10.47,428
6432,food-6432,food,11.84,435
6433,electronics-6433,electronics,13.21,442
6434,clothing-6434,clothing,14.58,449
6435,books-6435,books,15.95,456
6436,home-6436,home,17.32,463
6437,toys-6437,toys,18.69,470
6438,food-6438,food,20.06,477
6439,electronics-6439,electronics,21.43,484
6440,clothing-6440,clothing,22.80,491
6441,books-6441,books,24.17,498
6442,home-6442,home,25.54,4
6443,toys-6443,toys,26.91,11
6444,food-6444,food,28.28,18
6445,electronics-6445,electronics,29.65,25
6446,clothing-6446,clothing,31.02,32
6447,books-6447,books,32.39,39
6448,home-6448,home,33.76,46
6449,toys-6449,toys,35.13,53
6450,food-6450,food,36.50,60
6451,electronics-6451,electronics,37.87,67
6452,clothing-6452,clothing,39.24,74
6453,books-6453,books,40.61,81
6454,home-6454,home,41.98,88
6455,toys-6455,toys,43.35,95
6456,food-6456,food,44.72,102
6457,electronics-6457,electronics,46.09,109
6458,clothing-6458,clothing,47.46,116
6459,books-6459,books,48.83,123
6460,home-6460,home,50.20,130
6461,toys-6461,toys,51.57,137
6462,food-6462,food,52.94,144
6463,electronics-6463,electronics,54.31,151
6464,clothing-6464,clothing,55.68,158
6465,books-6465,books,57.05,165
6466,home-6466,home,58.42,172
6467,toys-6467,toys,59.79,179
6468,food-6468,food,61.16,186
6469,electronics-6469,electronics,62.53,193
6470,clothing-6470,clothing,63.90,200
6471,books-6471,books,65.27,207
6472,home-6472,home,66.64,214
6473,toys-6473,toys,68.01,221
6474,food-6474,food,69.38,228
6475,electronics-6475,electronics,70.75,235
6476,clothing-6476,clothing,72.12,242
6477,books-6477,books,73.49,249
6478,home-6478,home,74.86,256
6479,toys-6479,toys,76.23,263
6480,food-6480,food,77.60,270
6481,electronics-6481,electronics,78.97,277
6482,clothing-6482,clothing,80.34,284
6483,books-6483,books,81.71,291
6484,home-6484,home,83.08,298
6485,toys-6485,toys,84.45,305
6486,food-6486,food,85.82,312
6487,electronics-6487,electronics,87.19,319
6488,clothing-6488,clothing,88.56,326
6489,books-6489,books,89.93,333
6490,home-6490,home,91.30,340
6491,toys-6491,toys,92.67,347
6492,food-6492,food,94.04,354
6493,electronics-6493,electronics,95.41,361
6494,clothing-6494,clothing,96.78,368
6495,books-6495,books,98.15,375
6496,home-6496,home,99.52,382
6497,toys-6497,toys,0.89,389
6498,food-6498,food,2.26,396
6499,electronics-6499,electronics,3.63,403
6500,clothing-6500,clothing,5.00,410
6501,books-6501,books,6.37,417
6502,home-6502,home,7.74,424
6503,toys-6503,toys,9.11,431
6504,food-6504,food,10.48,438
6505,electronics-6505,electronics,11.85,445
6506,clothing-6506,clothing,13.22,452
6507,books-6507,books,14.59,459
6508,home-6508,home,15.96,466
6509,toys-6509,toys,17.33,473
6510,food-6510,food,18.70,480
6511,electronics-6511,electronics,20.07,487
6512,clothing-6512,clothing,21.44,494
6513,books-6513,books,22.81,0
6514,home-6514,home,24.18,7
6515,toys-6515,toys,25.55,14
6516,food-6516,food,26.92,21
6517,electronics-6517,electronics,28.29,28
6518,clothing-6518,clothing,29.66,35
6519,books-6519,books,31.03,42
6520,home-6520,home,32.40,49
6521,toys-6521,toys,33.77,56
6522,food-6522,food,35.14,63
6523,electronics-6523,electronics,36.51,70
6524,clothing-6524,clothing,37.88,77
6525,books-6525,books,39.25,84
6526,home-6526,home,40.62,91
6527,toys-6527,toys,41.99,98
6528,food-6528,food,43.36,105
6529,electronics-6529,electronics,44.73,112
6530,clothing-6530,clothing,46.10,119
6531,books-6531,books,47.47,126
6532,home-6532,home,48.84,133
6533,toys-6533,toys,50.21,140
6534,food-6534,food,51.58,147
6535,electronics-6535,electronics,52.95,154
6536,clothing-6536,clothing,54.32,161
6537,books-6537,books,55.69,168
6538,home-6538,home,57.06,175
6539,toys-6539,toys,58.43,182
6540,food-6540,food,59.80,189
6541,electronics-6541,electronics,61.17,196
6542,clothing-6542,clothing,62.54,203
6543,books-6543,books,63.91,210
6544,home-6544,home,65.28,217
6545,toys-6545,toys,66.65,224
6546,food-6546,food,68.02,231
6547,electronics-6547,electronics,69.39,238
6548,clothing-6548,clothing,70.76,245
6549,books-6549,books,72.13,252
6550,home-6550,home,73.50,259
6551,toys-6551,toys,74.87,266
6552,food-6552,food,76.24,273
6553,electronics-6553,electronics,77.61,280
6554,clothing-6554,clothing,78.98,287
6555,books-6555,books,80.35,294
6556,home-6556,home,81.72,301
6557,toys-6557,toys,83.09,308
6558,food-6558,food,84.46,315
6559,electronics-6559,electronics,85.83,322
6560,clothing-6560,clothing,87.20,329
6561,books-6561,books,88.57,336
6562,home-6562,home,89.94,343
6563,toys-6563,toys,91.31,350
6564,food-6564,food,92.68,357
6565,electronics-6565,electronics,94.05,364
6566,clothing-6566,clothing,95.42,371
6567,books-6567,books,96.79,378
6568,home-6568,home,98.16,385
6569,toys-6569,toys,99.53,392
6570,food-6570,food,0.90,399
6571,electronics-6571,electronics,2.27,406
6572,clothing-6572,clothing,3.64,413
6573,books-6573,books,5.01,420
6574,home-6574,home,6.38,427
6575,toys-6575,toys,7.75,434
6576,food-6576,food,9.12,441
6577,electronics-6577,electronics,10.49,448
6578,clothing-6578,clothing,11.86,455
6579,books-6579,books,13.23,462
6580,home-6580,home,14.60,469
6581,toys-6581,toys,15.97,476
6582,food-6582,food,17.34,483
6583,electronics-6583,electronics,18.71,490
6584,clothing-6584,clothing,20.08,497
6585,books-6585,books,21.45,3
6586,home-6586,home,22.82,10
6587,toys-6587,toys,24.19,17
6588,food-6588,food,25.56,24
6589,electronics-6589,electronics,26.93,31
6590,clothing-6590,clothing,28.30,38
6591,books-6591,books,29.67,45
6592,home-6592,home,31.04,52
6593,toys-6593,toys,32.41,59
6594,food-6594,food,33.78,66
6595,electronics-6595,electronics,35.15,73
6596,clothing-6596,clothing,36.52,80
6597,books-6597,books,37.89,87
6598,home-6598,home,39.26,94
6599,toys-6599,toys,40.63,101
6600,food-6600,food,42.00,108
6601,electronics-6601,electronics,43.37,115
6602,clothing-6602,clothing,44.74,122
6603,books-6603,books,46.11,129
6604,home-6604,home,47.48,136
6605,toys-6605,toys,48.85,143
6606,food-6606,food,50.22,150
6607,electronics-6607,electronics,51.59,157
6608,clothing-6608,clothing,52.96,164
6609,books-6609,books,54.33,171
6610,home-6610,home,55.70,178
6611,toys-6611,toys,57.07,185
6612,food-6612,food,58.44,192
6613,electronics-6613,electronics,59.81,199
6614,clothing-6614,clothing,61.18,206
6615,books-6615,books,62.55,213
6616,home-6616,home,63.92,220
6617,toys-6617,toys,65.29,227
6618,food-6618,food,66.66,234
6619,electronics-6619,electronics,68.03,241
6620,clothing-6620,clothing,69.40,248
6621,books-6621,books,70.77,255
6622,home-6622,home,72.14,262
6623,toys-6623,toys,73.51,269
6624,food-6624,food,74.88,276
6625,electronics-6625,electronics,76.25,283
6626,clothing-6626,clothing,77.62,290
6627,books-6627,books,78.99,297
6628,home-6628,home,80.36,304
6629,toys-6629,toys,81.73,311
6630,food-6630,food,83.10,318
6631,electronics-6631,electronics,84.47,325
6632,clothing-6632,clothing,85.84,332
6633,books-6633,books,87.21,339
6634,home-6634,home,88.58,346
6635,toys-6635,toys,89.95,353
6636,food-6636,food,91.32,360
6637,electronics-6637,electronics,92.69,367
6638,clothing-6638,clothing,94.06,374
6639,books-6639,books,95.43,381
6640,home-6640,home,96.80,388
6641,toys-6641,toys,98.17,395
6642,food-6642,food,99.54,402
6643,electronics-6643,electronics,0.91,409
6644,clothing-6644,clothing,2.28,416
6645,books-6645,books,3.65,423
6646,home-6646,home,5.02,430
6647,toys-6647,toys,6.39,437
6648,food-6648,food,7.76,444
6649,electronics-6649,electronics,9.13,451
6650,clothing-6650,clothing,10.50,458
6651,books-6651,books,11.87,465
6652,home-6652,home,13.24,472
6653,toys-6653,toys,14.61,479
6654,food-6654,food,15.98,486
6655,electronics-6655,electronics,17.35,493
6656,clothing-6656,clothing,18.72,500
6657,books-6657,books,20.09,6
6658,home-6658,home,21.46,13
6659,toys-6659,toys,22.83,20
6660,food-6660,food,24.20,27
6661,electronics-6661,electronics,25.57,34
6662,clothing-6662,clothing,26.94,41
6663,books-6663,books,28.31,48
6664,home-6664,home,29.68,55
6665,toys-6665,toys,31.05,62
6666,food-6666,food,32.42,69
6667,electronics-6667,electronics,33.79,76
6668,clothing-6668,clothing,35.16,83
6669,books-6669,books,36.53,90
6670,home-6670,home,37.90,97
6671,toys-6671,toys,39.27,104
6672,food-6672,food,40.64,111
6673,electronics-6673,electronics,42.01,118
6674,clothing-6674,clothing,43.38,125
6675,books-6675,books,44.75,132
6676,home-6676,home,46.12,139
6677,toys-6677,toys,47.49,146
6678,food-6678,food,48.86,153
6679,electronics-6679,electronics,50.23,160
6680,clothing-6680,clothing,51.60,167
6681,books-6681,books,52.97,174
6682,home-6682,home,54.34,181
6683,toys-6683,toys,55.71,188
6684,food-6684,food,57.08,195
6685,electronics-6685,electronics,58.45,202
6686,clothing-6686,clothing,59.82,209
6687,books-6687,books,61.19,216
6688,home-6688,home,62.56,223
6689,toys-6689,toys,63.93,230
6690,food-6690,food,65.30,237
6691,electronics-6691,electronics,66.67,244
6692,clothing-6692,clothing,68.04,251
6693,books-6693,books,69.41,258
6694,home-6694,home,70.78,265
6695,toys-6695,toys,72.15,272
6696,food-6696,food,73.52,279
6697,electronics-6697,electronics,74.89,286
6698,clothing-6698,clothing,76.26,293
6699,books-6699,books,77.63,300
6700,home-6700,home,79.00,307
6701,toys-6701,toys,80.37,314
6702,food-6702,food,81.74,321
6703,electronics-6703,electronics,83.11,328
6704,clothing-6704,clothing,84.48,335
6705,books-6705,books,85.85,342
6706,home-6706,home,87.22,349
6707,toys-6707,toys,88.59,356
6708,food-6708,food,89.96,363
6709,electronics-6709,electronics,91.33,370
6710,clothing-6710,clothing,92.70,377
6711,books-6711,books,94.07,384
6712,home-6712,home,95.44,391
6713,toys-6713,toys,96.81,398
6714,food-6714,food,98.18,405
6715,electronics-6715,electronics,99.55,412
6716,clothing-6716,clothing,0.92,419
6717,books-6717,books,2.29,426
6718,home-6718,home,3.66,433
6719,toys-6719,toys,5.03,440
6720,food-6720,food,6.40,447
6721,electronics-6721,electronics,7.77,454
6722,clothing-6722,clothing,9.14,461
6723,books-6723,books,10.51,468
6724,home-6724,home,11.88,475
6725,toys-6725,toys,13.25,482
6726,food-6726,food,14.62,489
6727,electronics-6727,electronics,15.99,496
6728,clothing-6728,clothing,17.36,2
6729,books-6729,books,18.73,9
6730,home-6730,home,20.10,16
6731,toys-6731,toys,21.47,23
6732,food-6732,food,22.84,30
6733,electronics-6733,electronics,24.21,37
6734,clothing-6734,clothing,25.58,44
6735,books-6735,books,26.95,51
6736,home-6736,home,28.32,58
6737,toys-6737,toys,29.69,65
6738,food-6738,food,31.06,72
6739,electronics-6739,electronics,32.43,79
6740,clothing-6740,clothing,33.80,86
6741,books-6741,books,35.17,93
6742,home-6742,home,36.54,100
6743,toys-6743,toys,37.91,107
6744,food-6744,food,39.28,114
6745,electronics-6745,electronics,40.65,121
6746,clothing-6746,clothing,42.02,128
6747,books-6747,books,43.39,135
6748,home-6748,home,44.76,142
6749,toys-6749,toys,46.13,149
6750,food-6750,food,47.50,156
6751,electronics-6751,electronics,48.87,163
6752,clothing-6752,clothing,50.24,170
6753,books-6753,books,51.61,177
6754,home-6754,home,52.98,184
6755,toys-6755,toys,54.35,191
6756,food-6756,food,55.72,198
6757,electronics-6757,electronics,57.09,205
6758,clothing-6758,clothing,58.46,212
6759,books-6759,books,59.83,219
6760,home-6760,home,61.20,226
6761,toys-6761,toys,62.57,233
6762,food-6762,food,63.94,240
6763,electronics-6763,electronics,65.31,247
6764,clothing-6764,clothing,66.68,254
6765,books-6765,books,68.05,261
6766,home-6766,home,69.42,268
6767,toys-6767,toys,70.79,275
6768,food-6768,food,72.16,282
6769,electronics-6769,electronics,73.53,289
6770,clothing-6770,clothing,74.90,296
6771,books-6771,books,76.27,303
6772,home-6772,home,77.64,310
6773,toys-6773,toys,79.01,317
6774,food-6774,food,80.38,324
6775,electronics-6775,electronics,81.75,331
6776,clothing-6776,clothing,83.12,338
6777,books-6777,books,84.49,345
6778,home-6778,home,85.86,352
6779,toys-6779,toys,87.23,359
6780,food-6780,food,88.60,366
6781,electronics-6781,electronics,89.97,373
6782,clothing-6782,clothing,91.34,380
6783,books-6783,books,92.71,387
6784,home-6784,home,94.08,394
6785,toys-6785,toys,95.45,401
6786,food-6786,food,96.82,408
6787,electronics-6787,electronics,98.19,415
6788,clothing-6788,clothing,99.56,422
6789,books-6789,books,0.93,429
6790,home-6790,home,2.30,436
6791,toys-6791,toys,3.67,443
6792,food-6792,food,5.04,450
6793,electronics-6793,electronics,6.41,457
6794,clothing-6794,clothing,7.78,464
6795,books-6795,books,9.15,471
6796,home-6796,home,10.52,478
6797,toys-6797,toys,11.89,485
6798,food-6798,food,13.26,492
6799,electronics-6799,electronics,14.63,499
6800,clothing-6800,clothing,16.00,5
6801,books-6801,books,17.37,12
6802,home-6802,home,18.74,19
6803,toys-6803,toys,20.11,26
6804,food-6804,food,21.48,33
6805,electronics-6805,electronics,22.85,40
6806,clothing-6806,clothing,24.22,47
6807,books-6807,books,25.59,54
6808,home-6808,home,26.96,61
6809,toys-6809,toys,28.33,68
6810,food-6810,food,29.70,75
6811,electronics-6811,electronics,31.07,82
6812,clothing-6812,clothing,32.44,89
6813,books-6813,books,33.81,96
6814,home-6814,home,35.18,103
6815,toys-6815,toys,36.55,110
6816,food-6816,food,37.92,117
6817,electronics-6817,electronics,39.29,124
6818,clothing-6818,clothing,40.66,131
6819,books-6819,books,42.03,138
6820,home-6820,home,43.40,145
6821,toys-6821,toys,44.77,152
6822,food-6822,food,46.14,159
6823,electronics-6823,electronics,47.51,166
6824,clothing-6824,clothing,48.88,173
6825,books-6825,books,50.25,180
6826,home-6826,home,51.62,187
6827,toys-6827,toys,52.99,194
6828,food-6828,food,54.36,201
6829,electronics-6829,electronics,55.73,208
6830,clothing-6830,clothing,57.10,215
6831,books-6831,books,58.47,222
6832,home-6832,home,59.84,229
6833,toys-6833,toys,61.21,236
6834,food-6834,food,62.58,243
6835,electronics-6835,electronics,63.95,250
6836,clothing-6836,clothing,65.32,257
6837,books-6837,books,66.69,264
6838,home-6838,home,68.06,271
6839,toys-6839,toys,69.43,278
6840,food-6840,food,70.80,285
6841,electronics-6841,electronics,72.17,292
6842,clothing-6842,clothing,73.54,299
6843,books-6843,books,74.91,306
6844,home-6844,home,76.28,313
6845,toys-6845,toys,77.65,320
6846,food-6846,food,79.02,327
6847,electronics-6847,electronics,80.39,334
6848,clothing-6848,clothing,81.76,341
6849,books-6849,books,83.13,348
6850,home-6850,home,84.50,355
6851,toys-6851,toys,85.87,362
6852,food-6852,food,87.24,369
6853,electronics-6853,electronics,88.61,376
6854,clothing-6854,clothing,89.98,383
6855,books-6855,books,91.35,390
6856,home-6856,home,92.72,397
6857,toys-6857,toys,94.09,404
6858,food-6858,food,95.46,411
6859,electronics-6859,electronics,96.83,418
6860,clothing-6860,clothing,98.20,425
6861,books-6861,books,99.57,432
6862,home-6862,home,0.94,439
6863,toys-6863,toys,2.31,446
6864,food-6864,food,3.68,453
6865,electronics-6865,electronics,5.05,460
6866,clothing-6866,clothing,6.42,467
6867,books-6867,books,7.79,474
6868,home-6868,home,9.16,481
6869,toys-6869,toys,10.53,488
6870,food-6870,food,11.90,495
6871,electronics-6871,electronics,13.27,1
6872,clothing-6872,clothing,14.64,8
6873,books-6873,books,16.01,15
6874,home-6874,home,17.38,22
6875,toys-6875,toys,18.75,29
6876,food-6876,food,20.12,36
6877,electronics-6877,electronics,21.49,43
6878,clothing-6878,clothing,22.86,50
6879,books-6879,books,24.23,57
6880,home-6880,home,25.60,64
6881,toys-6881,toys,26.97,71
6882,food-6882,food,28.34,78
6883,electronics-6883,electronics,29.71,85
6884,clothing-6884,clothing,31.08,92
6885,books-6885,books,32.45,99
6886,home-6886,home,33.82,106
6887,toys-6887,toys,35.19,113
6888,food-6888,food,36.56,120
6889,electronics-6889,electronics,37.93,127
6890,clothing-6890,clothing,39.30,134
6891,books-6891,books,40.67,141
6892,home-6892,home,42.04,148
6893,toys-6893,toys,43.41,155
6894,food-6894,food,44.78,162
6895,electronics-6895,electronics,46.15,169
6896,clothing-6896,clothing,47.52,176
6897,books-6897,books,48.89,183
6898,home-6898,home,50.26,190
6899,toys-6899,toys,51.63,197
6900,food-6900,food,53.00,204
6901,electronics-6901,electronics,54.37,211
6902,clothing-6902,clothing,55.74,218
6903,books-6903,books,57.11,225
6904,home-6904,home,58.48,232
6905,toys-6905,toys,59.85,239
6906,food-6906,food,61.22,246
6907,electronics-6907,electronics,62.59,253
6908,clothing-6908,clothing,63.96,260
6909,books-6909,books,65.33,267
6910,home-6910,home,66.70,274
6911,toys-6911,toys,68.07,281
6912,food-6912,food,69.44,288
6913,electronics-6913,electronics,70.81,295
6914,clothing-6914,clothing,72.18,302
6915,books-6915,books,73.55,309
6916,home-6916,home,74.92,316
6917,toys-6917,toys,76.29,323
6918,food-6918,food,77.66,330
6919,electronics-6919,electronics,79.03,337
6920,clothing-6920,clothing,80.40,344
6921,books-6921,books,81.77,351
6922,home-6922,home,83.14,358
6923,toys-6923,toys,84.51,365
6924,food-6924,food,85.88,372
6925,electronics-6925,electronics,87.25,379
6926,clothing-6926,clothing,88.62,386
6927,books-6927,books,89.99,393
6928,home-6928,home,91.36,400
6929,toys-6929,toys,92.73,407
6930,food-6930,food,94.10,414
6931,electronics-6931,electronics,95.47,421
6932,clothing-6932,clothing,96.84,428
6933,books-6933,books,98.21,435
6934,home-6934,home,99.58,442
6935,toys-6935,toys,0.95,449
6936,food-6936,food,2.32,456
6937,electronics-6937,electronics,3.69,463
6938,clothing-6938,clothing,5.06,470
6939,books-6939,books,6.43,477
6940,home-6940,home,7.80,484
6941,toys-6941,toys,9.17,491
6942,food-6942,food,10.54,498
6943,electronics-6943,electronics,11.91,4
6944,clothing-6944,clothing,13.28,11
6945,books-6945,books,14.65,18
6946,home-6946,home,16.02,25
6947,toys-6947,toys,17.39,32
6948,food-6948,food,18.76,39
6949,electronics-6949,electronics,20.13,46
6950,clothing-6950,clothing,21.50,53
6951,books-6951,books,22.87,60
6952,home-6952,home,24.24,67
6953,toys-6953,toys,25.61,74
6954,food-6954,food,26.98,81
6955,electronics-6955,electronics,28.35,88
6956,clothing-6956,clothing,29.72,95
6957,books-6957,books,31.09,102
6958,home-6958,home,32.46,109
6959,toys-6959,toys,33.83,116
6960,food-6960,food,35.20,123
6961,electronics-6961,electronics,36.57,130
6962,clothing-6962,clothing,37.94,137
6963,books-6963,books,39.31,144
6964,home-6964,home,40.68,151
6965,toys-6965,toys,42.05,158
6966,food-6966,food,43.42,165
6967,electronics-6967,electronics,44.79,172
6968,clothing-6968,clothing,46.16,179
6969,books-6969,books,47.53,186
6970,home-6970,home,48.90,193
6971,toys-6971,toys,50.27,200
6972,food-6972,food,51.64,207
6973,electronics-6973,electronics,53.01,214
6974,clothing-6974,clothing,54.38,221
6975,books-6975,books,55.75,228
6976,home-6976,home,57.12,235
6977,toys-6977,toys,58.49,242
6978,food-6978,food,59.86,249
6979,electronics-6979,electronics,61.23,256
6980,clothing-6980,clothing,62.60,263
6981,books-6981,books,63.97,270
6982,home-6982,home,65.34,277
6983,toys-6983,toys,66.71,284
6984,food-6984,food,68.08,291
6985,electronics-6985,electronics,69.45,298
6986,clothing-6986,clothing,70.82,305
6987,books-6987,books,72.19,312
6988,home-6988,home,73.56,319
6989,toys-6989,toys,74.93,326
6990,food-6990,food,76.30,333
6991,electronics-6991,electronics,77.67,340
6992,clothing-6992,clothing,79.04,347
6993,books-6993,books,80.41,354
6994,home-6994,home,81.78,361
6995,toys-6995,toys,83.15,368
6996,food-6996,food,84.52,375
6997,electronics-6997,electronics,85.89,382
6998,clothing-6998,clothing,87.26,389
6999,books-6999,books,88.63,396
7000,home-7000,home,90.00,403
7001,toys-7001,toys,91.37,410
7002,food-7002,food,92.74,417
7003,electronics-7003,electronics,94.11,424
7004,clothing-7004,clothing,95.48,431
7005,books-7005,books,96.85,438
7006,home-7006,home,98.22,445
7007,toys-7007,toys,99.59,452
7008,food-7008,food,0.96,459
7009,electronics-7009,electronics,2.33,466
7010,clothing-7010,clothing,3.70,473
7011,books-7011,books,5.07,480
7012,home-7012,home,6.44,487
7013,toys-7013,toys,7.81,494
7014,food-7014,food,9.18,0
7015,electronics-7015,electronics,10.55,7
7016,clothing-7016,clothing,11.92,14
7017,books-7017,books,13.29,21
7018,home-7018,home,14.66,28
7019,toys-7019,toys,16.03,35
7020,food-7020,food,17.40,42
7021,electronics-7021,electronics,18.77,49
7022,clothing-7022,clothing,20.14,56
7023,books-7023,books,21.51,63
7024,home-7024,home,22.88,70
7025,toys-7025,toys,24.25,77
7026,food-7026,food,25.62,84
7027,electronics-7027,electronics,26.99,91
7028,clothing-7028,clothing,28.36,98
7029,books-7029,books,29.73,105
7030,home-7030,home,31.10,112
7031,toys-7031,toys,32.47,119
7032,food-7032,food,33.84,126
7033,electronics-7033,electronics,35.21,133
7034,clothing-7034,clothing,36.58,140
7035,books-7035,books,37.95,147
7036,home-7036,home,39.32,154
7037,toys-7037,toys,40.69,161
7038,food-7038,food,42.06,168
7039,electronics-7039,electronics,43.43,175
7040,clothing-7040,clothing,44.80,182
7041,books-7041,books,46.17,189
7042,home-7042,home,47.54,196
7043,toys-7043,toys,48.91,203
7044,food-7044,food,50.28,210
7045,electronics-7045,electronics,51.65,217
7046,clothing-7046,clothing,53.02,224
7047,books-7047,books,54.39,231
7048,home-7048,home,55.76,238
7049,toys-7049,toys,57.13,245
7050,food-7050,food,58.50,252
7051,electronics-7051,electronics,59.87,259
7052,clothing-7052,clothing,61.24,266
7053,books-7053,books,62.61,273
7054,home-7054,home,63.98,280
7055,toys-7055,toys,65.35,287
7056,food-7056,food,66.72,294
7057,electronics-7057,electronics,68.09,301
7058,clothing-7058,clothing,69.46,308
7059,books-7059,books,70.83,315
7060,home-7060,home,72.20,322
7061,toys-7061,toys,73.57,329
7062,food-7062,food,74.94,336
7063,electronics-7063,electronics,76.31,343
7064,clothing-7064,clothing,77.68,350
7065,books-7065,books,79.05,357
7066,home-7066,home,80.42,364
7067,toys-7067,toys,81.79,371
7068,food-7068,food,83.16,378
7069,electronics-7069,electronics,84.53,385
7070,clothing-7070,clothing,85.90,392
7071,books-7071,books,87.27,399
7072,home-7072,home,88.64,406
7073,toys-7073,toys,90.01,413
7074,food-7074,food,91.38,420
7075,electronics-7075,electronics,92.75,427
7076,clothing-7076,clothing,94.12,434
7077,books-7077,books,95.49,441
7078,home-7078,home,96.86,448
7079,toys-7079,toys,98.23,455
7080,food-7080,food,99.60,462
7081,electronics-7081,electronics,0.97,469
7082,clothing-7082,clothing,2.34,476
7083,books-7083,books,3.71,483
7084,home-7084,home,5.08,490
7085,toys-7085,toys,6.45,497
7086,food-7086,food,7.82,3
7087,electronics-7087,electronics,9.19,10
7088,clothing-7088,clothing,10.56,17
7089,books-7089,books,11.93,24
7090,home-7090,home,13.30,31
7091,toys-7091,toys,14.67,38
7092,food-7092,food,16.04,45
7093,electronics-7093,electronics,17.41,52
7094,clothing-7094,clothing,18.78,59
7095,books-7095,books,20.15,66
7096,home-7096,home,21.52,73
7097,toys-7097,toys,22.89,80
7098,food-7098,food,24.26,87
7099,electronics-7099,electronics,25.63,94
7100,clothing-7100,clothing,27.00,101
7101,books-7101,books,28.37,108
7102,home-7102,home,29.74,115
7103,toys-7103,toys,31.11,122
7104,food-7104,food,32.48,129
7105,electronics-7105,electronics,33.85,136
7106,clothing-7106,clothing,35.22,143
7107,books-7107,books,36.59,150
7108,home-7108,home,37.96,157
7109,toys-7109,toys,39.33,164
7110,food-7110,food,40.70,171
7111,electronics-7111,electronics,42.07,178
7112,clothing-7112,clothing,43.44,185
7113,books-7113,books,44.81,192
7114,home-7114,home,46.18,199
7115,toys-7115,toys,47.55,206
7116,food-7116,food,48.92,213
7117,electronics-7117,electronics,50.29,220
7118,clothing-7118,clothing,51.66,227
7119,books-7119,books,53.03,234
7120,home-7120,home,54.40,241
7121,toys-7121,toys,55.77,248
7122,food-7122,food,57.14,255
7123,electronics-7123,electronics,58.51,262
7124,clothing-7124,clothing,59.88,269
7125,books-7125,books,61.25,276
7126,home-7126,home,62.62,283
7127,toys-7127,toys,63.99,290
7128,food-7128,food,65.36,297
7129,electronics-7129,electronics,66.73,304
7130,clothing-7130,clothing,68.10,311
7131,books-7131,books,69.47,318
7132,home-7132,home,70.84,325
7133,toys-7133,toys,72.21,332
7134,food-7134,food,73.58,339
7135,electronics-7135,electronics,74.95,346
7136,clothing-7136,clothing,76.32,353
7137,books-7137,books,77.69,360
7138,home-7138,home,79.06,367
7139,toys-7139,toys,80.43,374
7140,food-7140,food,81.80,381
7141,electronics-7141,electronics,83.17,388
7142,clothing-7142,clothing,84.54,395
7143,books-7143,books,85.91,402
7144,home-7144,home,87.28,409
7145,toys-7145,toys,88.65,416
7146,food-7146,food,90.02,423
7147,electronics-7147,electronics,91.39,430
7148,clothing-7148,clothing,92.76,437
7149,books-7149,books,94.13,444
7150,home-7150,home,95.50,451
7151,toys-7151,toys,96.87,458
7152,food-7152,food,98.24,465
7153,electronics-7153,electronics,99.61,472
7154,clothing-7154,clothing,0.98,479
7155,books-7155,books,2.35,486
7156,home-7156,home,3.72,493
7157,toys-7157,toys,5.09,500
7158,food-7158,food,6.46,6
7159,electronics-7159,electronics,7.83,13
7160,clothing-7160,clothing,9.20,20
7161,books-7161,books,10.57,27
7162,home-7162,home,11.94,34
7163,toys-7163,toys,13.31,41
7164,food-7164,food,14.68,48
7165,electronics-7165,electronics,16.05,55
7166,clothing-7166,clothing,17.42,62
7167,books-7167,books,18.79,69
7168,home-7168,home,20.16,76
7169,toys-7169,toys,21.53,83
7170,food-7170,food,22.90,90
7171,electronics-7171,electronics,24.27,97
7172,clothing-7172,clothing,25.64,104
7173,books-7173,books,27.01,111
7174,home-7174,home,28.38,118
7175,toys-7175,toys,29.75,125
7176,food-7176,food,31.12,132
7177,electronics-7177,electronics,32.49,139
7178,clothing-7178,clothing,33.86,146
7179,books-7179,books,35.23,153
7180,home-7180,home,36.60,160
7181,toys-7181,toys,37.97,167
7182,food-7182,food,39.34,174
7183,electronics-7183,electronics,40.71,181
7184,clothing-7184,clothing,42.08,188
7185,books-7185,books,43.45,195
7186,home-7186,home,44.82,202
7187,toys-7187,toys,46.19,209
7188,food-7188,food,47.56,216
7189,electronics-7189,electronics,48.93,223
7190,clothing-7190,clothing,50.30,230
7191,books-7191,books,51.67,237
7192,home-7192,home,53.04,244
7193,toys-7193,toys,54.41,251
7194,food-7194,food,55.78,258
7195,electronics-7195,electronics,57.15,265
7196,clothing-7196,clothing,58.52,272
7197,books-7197,books,59.89,279
7198,home-7198,home,61.26,286
7199,toys-7199,toys,62.63,293
7200,food-7200,food,64.00,300
7201,electronics-7201,electronics,65.37,307
7202,clothing-7202,clothing,66.74,314
7203,books-7203,books,68.11,321
7204,home-7204,home,69.48,328
7205,toys-7205,toys,70.85,335
7206,food-7206,food,72.22,342
7207,electronics-7207,electronics,73.59,349
7208,clothing-7208,clothing,74.96,356
7209,books-7209,books,76.33,363
7210,home-7210,home,77.70,370
7211,toys-7211,toys,79.07,377
7212,food-7212,food,80.44,384
7213,electronics-7213,electronics,81.81,391
7214,clothing-7214,clothing,83.18,398
7215,books-7215,books,84.55,405
7216,home-7216,home,85.92,412
7217,toys-7217,toys,87.29,419
7218,food-7218,food,88.66,426
7219,electronics-7219,electronics,90.03,433
7220,clothing-7220,clothing,91.40,440
7221,books-7221,books,92.77,447
7222,home-7222,home,94.14,454
7223,toys-7223,toys,95.51,461
7224,food-7224,food,96.88,468
7225,electronics-7225,electronics,98.25,475
7226,clothing-7226,clothing,99.62,482
7227,books-7227,books,0.99,489
7228,home-7228,home,2.36,496
7229,toys-7229,toys,3.73,2
7230,food-7230,food,5.10,9
7231,electronics-7231,electronics,6.47,16
7232,clothing-7232,clothing,7.84,23
7233,books-7233,books,9.21,30
7234,home-7234,home,10.58,37
7235,toys-7235,toys,11.95,44
7236,food-7236,food,13.32,51
7237,electronics-7237,electronics,14.69,58
7238,clothing-7238,clothing,16.06,65
7239,books-7239,books,17.43,72
7240,home-7240,home,18.80,79
7241,toys-7241,toys,20.17,86
7242,food-7242,food,21.54,93
7243,electronics-7243,electronics,22.91,100
7244,clothing-7244,clothing,24.28,107
7245,books-7245,books,25.65,114
7246,home-7246,home,27.02,121
7247,toys-7247,toys,28.39,128
7248,food-7248,food,29.76,135
7249,electronics-7249,electronics,31.13,142
7250,clothing-7250,clothing,32.50,149
7251,books-7251,books,33.87,156
7252,home-7252,home,35.24,163
7253,toys-7253,toys,36.61,170
7254,food-7254,food,37.98,177
7255,electronics-7255,electronics,39.35,184
7256,clothing-7256,clothing,40.72,191
7257,books-7257,books,42.09,198
7258,home-7258,home,43.46,205
7259,toys-7259,toys,44.83,212
7260,food-7260,food,46.20,219
7261,electronics-7261,electronics,47.57,226
7262,clothing-7262,clothing,48.94,233
7263,books-7263,books,50.31,240
7264,home-7264,home,51.68,247
7265,toys-7265,toys,53.05,254
7266,food-7266,food,54.42,261
7267,electronics-7267,electronics,55.79,268
7268,clothing-7268,clothing,57.16,275
7269,books-7269,books,58.53,282
7270,home-7270,home,59.90,289
7271,toys-7271,toys,61.27,296
7272,food-7272,food,62.64,303
7273,electronics-7273,electronics,64.01,310
7274,clothing-7274,clothing,65.38,317
7275,books-7275,books,66.75,324
7276,home-7276,home,68.12,331
7277,toys-7277,toys,69.49,338
7278,food-7278,food,70.86,345
7279,electronics-7279,electronics,72.23,352
7280,clothing-7280,clothing,73.60,359
7281,books-7281,books,74.97,366
7282,home-7282,home,76.34,373
7283,toys-7283,toys,77.71,380
7284,food-7284,food,79.08,387
7285,electronics-7285,electronics,80.45,394
7286,clothing-7286,clothing,81.82,401
7287,books-7287,books,83.19,408
7288,home-7288,home,84.56,415
7289,toys-7289,toys,85.93,422
7290,food-7290,food,87.30,429
7291,electronics-7291,electronics,88.67,436
7292,clothing-7292,clothing,90.04,443
7293,books-7293,books,91.41,450
7294,home-7294,home,92.78,457
7295,toys-7295,toys,94.15,464
7296,food-7296,food,95.52,471
7297,electronics-7297,electronics,96.89,478
7298,clothing-7298,clothing,98.26,485
7299,books-7299,books,99.63,492
7300,home-7300,home,1.00,499
7301,toys-7301,toys,2.37,5
7302,food-7302,food,3.74,12
7303,electronics-7303,electronics,5.11,19
7304,clothing-7304,clothing,6.48,26
7305,books-7305,books,7.85,33
7306,home-7306,home,9.22,40
7307,toys-7307,toys,10.59,47
7308,food-7308,food,11.96,54
7309,electronics-7309,electronics,13.33,61
7310,clothing-7310,clothing,14.70,68
7311,books-7311,books,16.07,75
7312,home-7312,home,17.44,82
7313,toys-7313,toys,18.81,89
7314,food-7314,food,20.18,96
7315,electronics-7315,electronics,21.55,103
7316,clothing-7316,clothing,22.92,110
7317,books-7317,books,24.29,117
7318,home-7318,home,25.66,124
7319,toys-7319,toys,27.03,131
7320,food-7320,food,28.40,138
7321,electronics-7321,electronics,29.77,145
7322,clothing-7322,clothing,31.14,152
7323,books-7323,books,32.51,159
7324,home-7324,home,33.88,166
7325,toys-7325,toys,35.25,173
7326,food-7326,food,36.62,180
7327,electronics-7327,electronics,37.99,187
7328,clothing-7328,clothing,39.36,194
7329,books-7329,books,40.73,201
7330,home-7330,home,42.10,208
7331,toys-7331,toys,43.47,215
7332,food-7332,food,44.84,222
7333,electronics-7333,electronics,46.21,229
7334,clothing-7334,clothing,47.58,236
7335,books-7335,books,48.95,243
7336,home-7336,home,50.32,250
7337,toys-7337,toys,51.69,257
7338,food-7338,food,53.06,264
7339,electronics-7339,electronics,54.43,271
7340,clothing-7340,clothing,55.80,278
7341,books-7341,books,57.17,285
7342,home-7342,home,58.54,292
7343,toys-7343,toys,59.91,299
7344,food-7344,food,61.28,306
7345,electronics-7345,electronics,62.65,313
7346,clothing-7346,clothing,64.02,320
7347,books-7347,books,65.39,327
7348,home-7348,home,66.76,334
7349,toys-7349,toys,68.13,341
7350,food-7350,food,69.50,348
7351,electronics-7351,electronics,70.87,355
7352,clothing-7352,clothing,72.24,362
7353,books-7353,books,73.61,369
7354,home-7354,home,74.98,376
7355,toys-7355,toys,76.35,383
7356,food-7356,food,77.72,390
7357,electronics-7357,electronics,79.09,397
7358,clothing-7358,clothing,80.46,404
7359,books-7359,books,81.83,411
7360,home-7360,home,83.20,418
7361,toys-7361,toys,84.57,425
7362,food-7362,food,85.94,432
7363,electronics-7363,electronics,87.31,439
7364,clothing-7364,clothing,88.68,446
7365,books-7365,books,90.05,453
7366,home-7366,home,91.42,460
7367,toys-7367,toys,92.79,467
7368,food-7368,food,94.16,474
7369,electronics-7369,electronics,95.53,481
7370,clothing-7370,clothing,96.90,488
7371,books-7371,books,98.27,495
7372,home-7372,home,99.64,1
7373,toys-7373,toys,1.01,8
7374,food-7374,food,2.38,15
7375,electronics-7375,electronics,3.75,22
7376,clothing-7376,clothing,5.12,29
7377,books-7377,books,6.49,36
7378,home-7378,home,7.86,43
7379,toys-7379,toys,9.23,50
7380,food-7380,food,10.60,57
7381,electronics-7381,electronics,11.97,64
7382,clothing-7382,clothing,13.34,71
7383,books-7383,books,14.71,78
7384,home-7384,home,16.08,85
7385,toys-7385,toys,17.45,92
7386,food-7386,food,18.82,99
7387,electronics-7387,electronics,20.19,106
7388,clothing-7388,clothing,21.56,113
7389,books-7389,books,22.93,120
7390,home-7390,home,24.30,127
7391,toys-7391,toys,25.67,134
7392,food-7392,food,27.04,141
7393,electronics-7393,electronics,28.41,148
7394,clothing-7394,clothing,29.78,155
7395,books-7395,books,31.15,162
7396,home-7396,home,32.52,169
7397,toys-7397,toys,33.89,176
7398,food-7398,food,35.26,183
7399,electronics-7399,electronics,36.63,190
7400,clothing-7400,clothing,38.00,197
7401,books-7401,books,39.37,204
7402,home-7402,home,40.74,211
7403,toys-7403,toys,42.11,218
7404,food-7404,food,43.48,225
7405,electronics-7405,electronics,44.85,232
7406,clothing-7406,clothing,46.22,239
7407,books-7407,books,47.59,246
7408,home-7408,home,48.96,253
7409,toys-7409,toys,50.33,260
7410,food-7410,food,51.70,267
7411,electronics-7411,electronics,53.07,274
7412,clothing-7412,clothing,54.44,281
7413,books-7413,books,55.81,288
7414,home-7414,home,57.18,295
7415,toys-7415,toys,58.55,302
7416,food-7416,food,59.92,309
7417,electronics-7417,electronics,61.29,316
7418,clothing-7418,clothing,62.66,323
7419,books-7419,books,64.03,330
7420,home-7420,home,65.40,337
7421,toys-7421,toys,66.77,344
7422,food-7422,food,68.14,351
7423,electronics-7423,electronics,69.51,358
7424,clothing-7424,clothing,70.88,365
7425,books-7425,books,72.25,372
7426,home-7426,home,73.62,379
7427,toys-7427,toys,74.99,386
7428,food-7428,food,76.36,393
7429,electronics-7429,electronics,77.73,400
7430,clothing-7430,clothing,79.10,407
7431,books-7431,books,80.47,414
7432,home-7432,home,81.84,421
7433,toys-7433,toys,83.21,428
7434,food-7434,food,84.58,435
7435,electronics-7435,electronics,85.95,442
7436,clothing-7436,clothing,87.32,449
7437,books-7437,books,88.69,456
7438,home-7438,home,90.06,463
7439,toys-7439,toys,91.43,470
7440,food-7440,food,92.80,477
7441,electronics-7441,electronics,94.17,484
7442,clothing-7442,clothing,95.54,491
7443,books-7443,books,96.91,498
7444,home-7444,home,98.28,4
7445,toys-7445,toys,99.65,11
7446,food-7446,food,1.02,18
7447,electronics-7447,electronics,2.39,25
7448,clothing-7448,clothing,3.76,32
7449,books-7449,books,5.13,39
7450,home-7450,home,6.50,46
7451,toys-7451,toys,7.87,53
7452,food-7452,food,9.24,60
7453,electronics-7453,electronics,10.61,67
7454,clothing-7454,clothing,11.98,74
7455,books-7455,books,13.35,81
7456,home-7456,home,14.72,88
7457,toys-7457,toys,16.09,95
7458,food-7458,food,17.46,102
7459,electronics-7459,electronics,18.83,109
7460,clothing-7460,clothing,20.20,116
7461,books-7461,books,21.57,123
7462,home-7462,home,22.94,130
7463,toys-7463,toys,24.31,137
7464,food-7464,food,25.68,144
7465,electronics-7465,electronics,27.05,151
7466,clothing-7466,clothing,28.42,158
7467,books-7467,books,29.79,165
7468,home-7468,home,31.16,172
7469,toys-7469,toys,32.53,179
7470,food-7470,food,33.90,186
7471,electronics-7471,electronics,35.27,193
7472,clothing-7472,clothing,36.64,200
7473,books-7473,books,38.01,207
7474,home-7474,home,39.38,214
7475,toys-7475,toys,40.75,221
7476,food-7476,food,42.12,228
7477,electronics-7477,electronics,43.49,235
7478,clothing-7478,clothing,44.86,242
7479,books-7479,books,46.23,249
7480,home-7480,home,47.60,256
7481,toys-7481,toys,48.97,263
7482,food-7482,food,50.34,270
7483,electronics-7483,electronics,51.71,277
7484,clothing-7484,clothing,53.08,284
7485,books-7485,books,54.45,291
7486,home-7486,home,55.82,298
7487,toys-7487,toys,57.19,305
7488,food-7488,food,58.56,312
7489,electronics-7489,electronics,59.93,319
7490,clothing-7490,clothing,61.30,326
7491,books-7491,books,62.67,333
7492,home-7492,home,64.04,340
7493,toys-7493,toys,65.41,347
7494,food-7494,food,66.78,354
7495,electronics-7495,electronics,68.15,361
7496,clothing-7496,clothing,69.52,368
7497,books-7497,books,70.89,375
7498,home-7498,home,72.26,382
7499,toys-7499,toys,73.63,389
7500,food-7500,food,75.00,396
7501,electronics-7501,electronics,76.37,403
7502,clothing-7502,clothing,77.74,410
7503,books-7503,books,79.11,417
7504,home-7504,home,80.48,424
7505,toys-7505,toys,81.85,431
7506,food-7506,food,83.22,438
7507,electronics-7507,electronics,84.59,445
7508,clothing-7508,clothing,85.96,452
7509,books-7509,books,87.33,459
7510,home-7510,home,88.70,466
7511,toys-7511,toys,90.07,473
7512,food-7512,food,91.44,480
7513,electronics-7513,electronics,92.81,487
7514,clothing-7514,clothing,94.18,494
7515,books-7515,books,95.55,0
7516,home-7516,home,96.92,7
7517,toys-7517,toys,98.29,14
7518,food-7518,food,99.66,21
7519,electronics-7519,electronics,1.03,28
7520,clothing-7520,clothing,2.40,35
7521,books-7521,books,3.77,42
7522,home-7522,home,5.14,49
7523,toys-7523,toys,6.51,56
7524,food-7524,food,7.88,63
7525,electronics-7525,electronics,9.25,70
7526,clothing-7526,clothing,10.62,77
7527,books-7527,books,11.99,84
7528,home-7528,home,13.36,91
7529,toys-7529,toys,14.73,98
7530,food-7530,food,16.10,105
7531,electronics-7531,electronics,17.47,112
7532,clothing-7532,clothing,18.84,119
7533,books-7533,books,20.21,126
7534,home-7534,home,21.58,133
7535,toys-7535,toys,22.95,140
7536,food-7536,food,24.32,147
7537,electronics-7537,electronics,25.69,154
7538,clothing-7538,clothing,27.06,161
7539,books-7539,books,28.43,168
7540,home-7540,home,29.80,175
7541,toys-7541,toys,31.17,182
7542,food-7542,food,32.54,189
7543,electronics-7543,electronics,33.91,196
7544,clothing-7544,clothing,35.28,203
7545,books-7545,books,36.65,210
7546,home-7546,home,38.02,217
7547,toys-7547,toys,39.39,224
7548,food-7548,food,40.76,231
7549,electronics-7549,electronics,42.13,238
7550,clothing-7550,clothing,43.50,245
7551,books-7551,books,44.87,252
7552,home-7552,home,46.24,259
7553,toys-7553,toys,47.61,266
7554,food-7554,food,48.98,273
7555,electronics-7555,electronics,50.35,280
7556,clothing-7556,clothing,51.72,287
7557,books-7557,books,53.09,294
7558,home-7558,home,54.46,301
7559,toys-7559,toys,55.83,308
7560,food-7560,food,57.20,315
7561,electronics-7561,electronics,58.57,322
7562,clothing-7562,clothing,59.94,329
7563,books-7563,books,61.31,336
7564,home-7564,home,62.68,343
7565,toys-7565,toys,64.05,350
7566,food-7566,food,65.42,357
7567,electronics-7567,electronics,66.79,364
7568,clothing-7568,clothing,68.16,371
7569,books-7569,books,69.53,378
7570,home-7570,home,70.90,385
7571,toys-7571,toys,72.27,392
7572,food-7572,food,73.64,399
7573,electronics-7573,electronics,75.01,406
7574,clothing-7574,clothing,76.38,413
7575,books-7575,books,77.75,420
7576,home-7576,home,79.12,427
7577,toys-7577,toys,80.49,434
7578,food-7578,food,81.86,441
7579,electronics-7579,electronics,83.23,448
7580,clothing-7580,clothing,84.60,455
7581,books-7581,books,85.97,462
7582,home-7582,home,87.34,469
7583,toys-7583,toys,88.71,476
7584,food-7584,food,90.08,483
7585,electronics-7585,electronics,91.45,490
7586,clothing-7586,clothing,92.82,497
7587,books-7587,books,94.19,3
7588,home-7588,home,95.56,10
7589,toys-7589,toys,96.93,17
7590,food-7590,food,98.30,24
7591,electronics-7591,electronics,99.67,31
7592,clothing-7592,clothing,1.04,38
7593,books-7593,books,2.41,45
7594,home-7594,home,3.78,52
7595,toys-7595,toys,5.15,59
7596,food-7596,food,6.52,66
7597,electronics-7597,electronics,7.89,73
7598,clothing-7598,clothing,9.26,80
7599,books-7599,books,10.63,87
7600,home-7600,home,12.00,94
7601,toys-7601,toys,13.37,101
7602,food-7602,food,14.74,108
7603,electronics-7603,electronics,16.11,115
7604,clothing-7604,clothing,17.48,122
7605,books-7605,books,18.85,129
7606,home-7606,home,20.22,136
7607,toys-7607,toys,21.59,143
7608,food-7608,food,22.96,150
7609,electronics-7609,electronics,24.33,157
7610,clothing-7610,clothing,25.70,164
7611,books-7611,books,27.07,171
7612,home-7612,home,28.44,178
7613,toys-7613,toys,29.81,185
7614,food-7614,food,31.18,192
7615,electronics-7615,electronics,32.55,199
7616,clothing-7616,clothing,33.92,206
7617,books-7617,books,35.29,213
7618,home-7618,home,36.66,220
7619,toys-7619,toys,38.03,227
7620,food-7620,food,39.40,234
7621,electronics-7621,electronics,40.77,241
7622,clothing-7622,clothing,42.14,248
7623,books-7623,books,43.51,255
7624,home-7624,home,44.88,262
7625,toys-7625,toys,46.25,269
7626,food-7626,food,47.62,276
7627,electronics-7627,electronics,48.99,283
7628,clothing-7628,clothing,50.36,290
7629,books-7629,books,51.73,297
7630,home-7630,home,53.10,304
7631,toys-7631,toys,54.47,311
7632,food-7632,food,55.84,318
7633,electronics-7633,electronics,57.21,325
7634,clothing-7634,clothing,58.58,332
7635,books-7635,books,59.95,339
7636,home-7636,home,61.32,346
7637,toys-7637,toys,62.69,353
7638,food-7638,food,64.06,360
7639,electronics-7639,electronics,65.43,367
7640,clothing-7640,clothing,66.80,374
7641,books-7641,books,68.17,381
7642,home-7642,home,69.54,388
7643,toys-7643,toys,70.91,395
7644,food-7644,food,72.28,402
7645,electronics-7645,electronics,73.65,409
7646,clothing-7646,clothing,75.02,416
7647,books-7647,books,76.39,423
7648,home-7648,home,77.76,430
7649,toys-7649,toys,79.13,437
7650,food-7650,food,80.50,444
7651,electronics-7651,electronics,81.87,451
7652,clothing-7652,clothing,83.24,458
7653,books-7653,books,84.61,465
7654,home-7654,home,85.98,472
7655,toys-7655,toys,87.35,479
7656,food-7656,food,88.72,486
7657,electronics-7657,electronics,90.09,493
7658,clothing-7658,clothing,91.46,500
7659,books-7659,books,92.83,6
7660,home-7660,home,94.20,13
7661,toys-7661,toys,95.57,20
7662,food-7662,food,96.94,27
7663,electronics-7663,electronics,98.31,34
7664,clothing-7664,clothing,99.68,41
7665,books-7665,books,1.05,48
7666,home-7666,home,2.42,55
7667,toys-7667,toys,3.79,62
7668,food-7668,food,5.16,69
7669,electronics-7669,electronics,6.53,76
7670,clothing-7670,clothing,7.90,83
7671,books-7671,books,9.27,90
7672,home-7672,home,10.64,97
7673,toys-7673,toys,12.01,104
7674,food-7674,food,13.38,111
7675,electronics-7675,electronics,14.75,118
7676,clothing-7676,clothing,16.12,125
7677,books-7677,books,17.49,132
7678,home-7678,home,18.86,139
7679,toys-7679,toys,20.23,146
7680,food-7680,food,21.60,153
7681,electronics-7681,electronics,22.97,160
7682,clothing-7682,clothing,24.34,167
7683,books-7683,books,25.71,174
7684,home-7684,home,27.08,181
7685,toys-7685,toys,28.45,188
7686,food-7686,food,29.82,195
7687,electronics-7687,electronics,31.19,202
7688,clothing-7688,clothing,32.56,209
7689,books-7689,books,33.93,216
7690,home-7690,home,35.30,223
7691,toys-7691,toys,36.67,230
7692,food-7692,food,38.04,237
7693,electronics-7693,electronics,39.41,244
7694,clothing-7694,clothing,40.78,251
7695,books-7695,books,42.15,258
7696,home-7696,home,43.52,265
7697,toys-7697,toys,44.89,272
7698,food-7698,food,46.26,279
7699,electronics-7699,electronics,47.63,286
7700,clothing-7700,clothing,49.00,293
7701,books-7701,books,50.37,300
7702,home-7702,home,51.74,307
7703,toys-7703,toys,53.11,314
7704,food-7704,food,54.48,321
7705,electronics-7705,electronics,55.85,328
7706,clothing-7706,clothing,57.22,335
7707,books-7707,books,58.59,342
7708,home-7708,home,59.96,349
7709,toys-7709,toys,61.33,356
7710,food-7710,food,62.70,363
7711,electronics-7711,electronics,64.07,370
7712,clothing-7712,clothing,65.44,377
7713,books-7713,books,66.81,384
7714,home-7714,home,68.18,391
7715,toys-7715,toys,69.55,398
7716,food-7716,food,70.92,405
7717,electronics-7717,electronics,72.29,412
7718,clothing-7718,clothing,73.66,419
7719,books-7719,books,75.03,426
7720,home-7720,home,76.40,433
7721,toys-7721,toys,77.77,440
7722,food-7722,food,79.14,447
7723,electronics-7723,electronics,80.51,454
7724,clothing-7724,clothing,81.88,461
7725,books-7725,books,83.25,468
7726,home-7726,home,84.62,475
7727,toys-7727,toys,85.99,482
7728,food-7728,food,87.36,489
7729,electronics-7729,electronics,88.73,496
7730,clothing-7730,clothing,90.10,2
7731,books-7731,books,91.47,9
7732,home-7732,home,92.84,16
7733,toys-7733,toys,94.21,23
7734,food-7734,food,95.58,30
7735,electronics-7735,electronics,96.95,37
7736,clothing-7736,clothing,98.32,44
7737,books-7737,books,99.69,51
7738,home-7738,home,1.06,58
7739,toys-7739,toys,2.43,65
7740,food-7740,food,3.80,72
7741,electronics-7741,electronics,5.17,79
7742,clothing-7742,clothing,6.54,86
7743,books-7743,books,7.91,93
7744,home-7744,home,9.28,100
7745,toys-7745,toys,10.65,107
7746,food-7746,food,12.02,114
7747,electronics-7747,electronics,13.39,121
7748,clothing-7748,clothing,14.76,128
7749,books-7749,books,16.13,135
7750,home-7750,home,17.50,142
7751,toys-7751,toys,18.87,149
7752,food-7752,food,20.24,156
7753,electronics-7753,electronics,21.61,163
7754,clothing-7754,clothing,22.98,170
7755,books-7755,books,24.35,177
7756,home-7756,home,25.72,184
7757,toys-7757,toys,27.09,191
7758,food-7758,food,28.46,198
7759,electronics-7759,electronics,29.83,205
7760,clothing-7760,clothing,31.20,212
7761,books-7761,books,32.57,219
7762,home-7762,home,33.94,226
7763,toys-7763,toys,35.31,233
7764,food-7764,food,36.68,240
7765,electronics-7765,electronics,38.05,247
7766,clothing-7766,clothing,39.42,254
7767,books-7767,books,40.79,261
7768,home-7768,home,42.16,268
7769,toys-7769,toys,43.53,275
7770,food-7770,food,44.90,282
7771,electronics-7771,electronics,46.27,289
7772,clothing-7772,clothing,47.64,296
7773,books-7773,books,49.01,303
7774,home-7774,home,50.38,310
7775,toys-7775,toys,51.75,317
7776,food-7776,food,53.12,324
7777,electronics-7777,electronics,54.49,331
7778,clothing-7778,clothing,55.86,338
7779,books-7779,books,57.23,345
7780,home-7780,home,58.60,352
7781,toys-7781,toys,59.97,359
7782,food-7782,food,61.34,366
7783,electronics-7783,electronics,62.71,373
7784,clothing-7784,clothing,64.08,380
7785,books-7785,books,65.45,387
7786,home-7786,home,66.82,394
7787,toys-7787,toys,68.19,401
7788,food-7788,food,69.56,408
7789,electronics-7789,electronics,70.93,415
7790,clothing-7790,clothing,72.30,422
7791,books-7791,books,73.67,429
7792,home-7792,home,75.04,436
7793,toys-7793,toys,76.41,443
7794,food-7794,food,77.78,450
7795,electronics-7795,electronics,79.15,457
7796,clothing-7796,clothing,80.52,464
7797,books-7797,books,81.89,471
7798,home-7798,home,83.26,478
7799,toys-7799,toys,84.63,485
7800,food-7800,food,86.00,492
7801,electronics-7801,electronics,87.37,499
7802,clothing-7802,clothing,88.74,5
7803,books-7803,books,90.11,12
7804,home-7804,home,91.48,19
7805,toys-7805,toys,92.85,26
7806,food-7806,food,94.22,33
7807,electronics-7807,electronics,95.59,40
7808,clothing-7808,clothing,96.96,47
7809,books-7809,books,98.33,54
7810,home-7810,home,99.70,61
7811,toys-7811,toys,1.07,68
7812,food-7812,food,2.44,75
7813,electronics-7813,electronics,3.81,82
7814,clothing-7814,clothing,5.18,89
7815,books-7815,books,6.55,96
7816,home-7816,home,7.92,103
7817,toys-7817,toys,9.29,110
7818,food-7818,food,10.66,117
7819,electronics-7819,electronics,12.03,124
7820,clothing-7820,clothing,13.40,131
7821,books-7821,books,14.77,138
7822,home-7822,home,16.14,145
7823,toys-7823,toys,17.51,152
7824,food-7824,food,18.88,159
7825,electronics-7825,electronics,20.25,166
7826,clothing-7826,clothing,21.62,173
7827,books-7827,books,22.99,180
7828,home-7828,home,24.36,187
7829,toys-7829,toys,25.73,194
7830,food-7830,food,27.10,201
7831,electronics-7831,electronics,28.47,208
7832,clothing-7832,clothing,29.84,215
7833,books-7833,books,31.21,222
7834,home-7834,home,32.58,229
7835,toys-7835,toys,33.95,236
7836,food-7836,food,35.32,243
7837,electronics-7837,electronics,36.69,250
7838,clothing-7838,clothing,38.06,257
7839,books-7839,books,39.43,264
7840,home-7840,home,40.80,271
7841,toys-7841,toys,42.17,278
7842,food-7842,food,43.54,285
7843,electronics-7843,electronics,44.91,292
7844,clothing-7844,clothing,46.28,299
7845,books-7845,books,47.65,306
7846,home-7846,home,49.02,313
7847,toys-7847,toys,50.39,320
7848,food-7848,food,51.76,327
7849,electronics-7849,electronics,53.13,334
7850,clothing-7850,clothing,54.50,341
7851,books-7851,books,55.87,348
7852,home-7852,home,57.24,355
7853,toys-7853,toys,58.61,362
7854,food-7854,food,59.98,369
7855,electronics-7855,electronics,61.35,376
7856,clothing-7856,clothing,62.72,383
7857,books-7857,books,64.09,390
7858,home-7858,home,65.46,397
7859,toys-7859,toys,66.83,404
7860,food-7860,food,68.20,411
7861,electronics-7861,electronics,69.57,418
7862,clothing-7862,clothing,70.94,425
7863,books-7863,books,72.31,432
7864,home-7864,home,73.68,439
7865,toys-7865,toys,75.05,446
7866,food-7866,food,76.42,453
7867,electronics-7867,electronics,77.79,460
7868,clothing-7868,clothing,79.16,467
7869,books-7869,books,80.53,474
7870,home-7870,home,81.90,481
7871,toys-7871,toys,83.27,488
7872,food-7872,food,84.64,495
7873,electronics-7873,electronics,86.01,1
7874,clothing-7874,clothing,87.38,8
7875,books-7875,books,88.75,15
7876,home-7876,home,90.12,22
7877,toys-7877,toys,91.49,29
7878,food-7878,food,92.86,36
7879,electronics-7879,electronics,94.23,43
7880,clothing-7880,clothing,95.60,50
7881,books-7881,books,96.97,57
7882,home-7882,home,98.34,64
7883,toys-7883,toys,99.71,71
7884,food-7884,food,1.08,78
7885,electronics-7885,electronics,2.45,85
7886,clothing-7886,clothing,3.82,92
7887,books-7887,books,5.19,99
7888,home-7888,home,6.56,106
7889,toys-7889,toys,7.93,113
7890,food-7890,food,9.30,120
7891,electronics-7891,electronics,10.67,127
7892,clothing-7892,clothing,12.04,134
7893,books-7893,books,13.41,141
7894,home-7894,home,14.78,148
7895,toys-7895,toys,16.15,155
7896,food-7896,food,17.52,162
7897,electronics-7897,electronics,18.89,169
7898,clothing-7898,clothing,20.26,176
7899,books-7899,books,21.63,183
7900,home-7900,home,23.00,190
7901,toys-7901,toys,24.37,197
7902,food-7902,food,25.74,204
7903,electronics-7903,electronics,27.11,211
7904,clothing-7904,clothing,28.48,218
7905,books-7905,books,29.85,225
7906,home-7906,home,31.22,232
7907,toys-7907,toys,32.59,239
7908,food-7908,food,33.96,246
7909,electronics-7909,electronics,35.33,253
7910,clothing-7910,clothing,36.70,260
7911,books-7911,books,38.07,267
7912,home-7912,home,39.44,274
7913,toys-7913,toys,40.81,281
7914,food-7914,food,42.18,288
7915,electronics-7915,electronics,43.55,295
7916,clothing-7916,clothing,44.92,302
7917,books-7917,books,46.29,309
7918,home-7918,home,47.66,316
7919,toys-7919,toys,49.03,323
7920,food-7920,food,50.40,330
7921,electronics-7921,electronics,51.77,337
7922,clothing-7922,clothing,53.14,344
7923,books-7923,books,54.51,351
7924,home-7924,home,55.88,358
7925,toys-7925,toys,57.25,365
7926,food-7926,food,58.62,372
7927,electronics-7927,electronics,59.99,379
7928,clothing-7928,clothing,61.36,386
7929,books-7929,books,62.73,393
7930,home-7930,home,64.10,400
7931,toys-7931,toys,65.47,407
7932,food-7932,food,66.84,414
7933,electronics-7933,electronics,68.21,421
7934,clothing-7934,clothing,69.58,428
7935,books-7935,books,70.95,435
7936,home-7936,home,72.32,442
7937,toys-7937,toys,73.69,449
7938,food-7938,food,75.06,456
7939,electronics-7939,electronics,76.43,463
7940,clothing-7940,clothing,77.80,470
7941,books-7941,books,79.17,477
7942,home-7942,home,80.54,484
7943,toys-7943,toys,81.91,491
7944,food-7944,food,83.28,498
7945,electronics-7945,electronics,84.65,4
7946,clothing-7946,clothing,86.02,11
7947,books-7947,books,87.39,18
7948,home-7948,home,88.76,25
7949,toys-7949,toys,90.13,32
7950,food-7950,food,91.50,39
7951,electronics-7951,electronics,92.87,46
7952,clothing-7952,clothing,94.24,53
7953,books-7953,books,95.61,60
7954,home-7954,home,96.98,67
7955,toys-7955,toys,98.35,74
7956,food-7956,food,99.72,81
7957,electronics-7957,electronics,1.09,88
7958,clothing-7958,clothing,2.46,95
7959,books-7959,books,3.83,102
7960,home-7960,home,5.20,109
7961,toys-7961,toys,6.57,116
7962,food-7962,food,7.94,123
7963,electronics-7963,electronics,9.31,130
7964,clothing-7964,clothing,10.68,137
7965,books-7965,books,12.05,144
7966,home-7966,home,13.42,151
7967,toys-7967,toys,14.79,158
7968,food-7968,food,16.16,165
7969,electronics-7969,electronics,17.53,172
7970,clothing-7970,clothing,18.90,179
7971,books-7971,books,20.27,186
7972,home-7972,home,21.64,193
7973,toys-7973,toys,23.01,200
7974,food-7974,food,24.38,207
7975,electronics-7975,electronics,25.75,214
7976,clothing-7976,clothing,27.12,221
7977,books-7977,books,28.49,228
7978,home-7978,home,29.86,235
7979,toys-7979,toys,31.23,242
7980,food-7980,food,32.60,249
7981,electronics-7981,electronics,33.97,256
7982,clothing-7982,clothing,35.34,263
7983,books-7983,books,36.71,270
7984,home-7984,home,38.08,277
7985,toys-7985,toys,39.45,284
7986,food-7986,food,40.82,291
7987,electronics-7987,electronics,42.19,298
7988,clothing-7988,clothing,43.56,305
7989,books-7989,books,44.93,312
7990,home-7990,home,46.30,319
7991,toys-7991,toys,47.67,326
7992,food-7992,food,49.04,333
7993,electronics-7993,electronics,50.41,340
7994,clothing-7994,clothing,51.78,347
7995,books-7995,books,53.15,354
7996,home-7996,home,54.52,361
7997,toys-7997,toys,55.89,368
7998,food-7998,food,57.26,375
7999,electronics-7999,electronics,58.63,382
8000,clothing-8000,clothing,60.00,389
8001,books-8001,books,61.37,396
8002,home-8002,home,62.74,403
8003,toys-8003,toys,64.11,410
8004,food-8004,food,65.48,417
8005,electronics-8005,electronics,66.85,424
8006,clothing-8006,clothing,68.22,431
8007,books-8007,books,69.59,438
8008,home-8008,home,70.96,445
8009,toys-8009,toys,72.33,452
8010,food-8010,food,73.70,459
8011,electronics-8011,electronics,75.07,466
8012,clothing-8012,clothing,76.44,473
8013,books-8013,books,77.81,480
8014,home-8014,home,79.18,487
8015,toys-8015,toys,80.55,494
8016,food-8016,food,81.92,0
8017,electronics-8017,electronics,83.29,7
8018,clothing-8018,clothing,84.66,14
8019,books-8019,books,86.03,21
8020,home-8020,home,87.40,28
8021,toys-8021,toys,88.77,35
8022,food-8022,food,90.14,42
8023,electronics-8023,electronics,91.51,49
8024,clothing-8024,clothing,92.88,56
8025,books-8025,books,94.25,63
8026,home-8026,home,95.62,70
8027,toys-8027,toys,96.99,77
8028,food-8028,food,98.36,84
8029,electronics-8029,electronics,99.73,91
8030,clothing-8030,clothing,1.10,98
8031,books-8031,books,2.47,105
8032,home-8032,home,3.84,112
8033,toys-8033,toys,5.21,119
8034,food-8034,food,6.58,126
8035,electronics-8035,electronics,7.95,133
8036,clothing-8036,clothing,9.32,140
8037,books-8037,books,10.69,147
8038,home-8038,home,12.06,154
8039,toys-8039,toys,13.43,161
8040,food-8040,food,14.80,168
8041,electronics-8041,electronics,16.17,175
8042,clothing-8042,clothing,17.54,182
8043,books-8043,books,18.91,189
8044,home-8044,home,20.28,196
8045,toys-8045,toys,21.65,203
8046,food-8046,food,23.02,210
8047,electronics-8047,electronics,24.39,217
8048,clothing-8048,clothing,25.76,224
8049,books-8049,books,27.13,231
8050,home-8050,home,28.50,238
8051,toys-8051,toys,29.87,245
8052,food-8052,food,31.24,252
8053,electronics-8053,electronics,32.61,259
8054,clothing-8054,clothing,33.98,266
8055,books-8055,books,35.35,273
8056,home-8056,home,36.72,280
8057,toys-8057,toys,38.09,287
8058,food-8058,food,39.46,294
8059,electronics-8059,electronics,40.83,301
8060,clothing-8060,clothing,42.20,308
8061,books-8061,books,43.57,315
8062,home-8062,home,44.94,322
8063,toys-8063,toys,46.31,329
8064,food-8064,food,47.68,336
8065,electronics-8065,electronics,49.05,343
8066,clothing-8066,clothing,50.42,350
8067,books-8067,books,51.79,357
8068,home-8068,home,53.16,364
8069,toys-8069,toys,54.53,371
8070,food-8070,food,55.90,378
8071,electronics-8071,electronics,57.27,385
8072,clothing-8072,clothing,58.64,392
8073,books-8073,books,60.01,399
8074,home-8074,home,61.38,406
8075,toys-8075,toys,62.75,413
8076,food-8076,food,64.12,420
8077,electronics-8077,electronics,65.49,427
8078,clothing-8078,clothing,66.86,434
8079,books-8079,books,68.23,441
8080,home-8080,home,69.60,448
8081,toys-8081,toys,70.97,455
8082,food-8082,food,72.34,462
8083,electronics-8083,electronics,73.71,469
8084,clothing-8084,clothing,75.08,476
8085,books-8085,books,76.45,483
8086,home-8086,home,77.82,490
8087,toys-8087,toys,79.19,497
8088,food-8088,food,80.56,3
8089,electronics-8089,electronics,81.93,10
8090,clothing-8090,clothing,83.30,17
8091,books-8091,books,84.67,24
8092,home-8092,home,86.04,31
8093,toys-8093,toys,87.41,38
8094,food-8094,food,88.78,45
8095,electronics-8095,electronics,90.15,52
8096,clothing-8096,clothing,91.52,59
8097,books-8097,books,92.89,66
8098,home-8098,home,94.26,73
8099,toys-8099,toys,95.63,80
8100,food-8100,food,97.00,87
8101,electronics-8101,electronics,98.37,94
8102,clothing-8102,clothing,99.74,101
8103,books-8103,books,1.11,108
8104,home-8104,home,2.48,115
8105,toys-8105,toys,3.85,122
8106,food-8106,food,5.22,129
8107,electronics-8107,electronics,6.59,136
8108,clothing-8108,clothing,7.96,143
8109,books-8109,books,9.33,150
8110,home-8110,home,10.70,157
8111,toys-8111,toys,12.07,164
8112,food-8112,food,13.44,171
8113,electronics-8113,electronics,14.81,178
8114,clothing-8114,clothing,16.18,185
8115,books-8115,books,17.55,192
8116,home-8116,home,18.92,199
8117,toys-8117,toys,20.29,206
8118,food-8118,food,21.66,213
8119,electronics-8119,electronics,23.03,220
8120,clothing-8120,clothing,24.40,227
8121,books-8121,books,25.77,234
8122,home-8122,home,27.14,241
8123,toys-8123,toys,28.51,248
8124,food-8124,food,29.88,255
8125,electronics-8125,electronics,31.25,262
8126,clothing-8126,clothing,32.62,269
8127,books-8127,books,33.99,276
8128,home-8128,home,35.36,283
8129,toys-8129,toys,36.73,290
8130,food-8130,food,38.10,297
8131,electronics-8131,electronics,39.47,304
8132,clothing-8132,clothing,40.84,311
8133,books-8133,books,42.21,318
8134,home-8134,home,43.58,325
8135,toys-8135,toys,44.95,332
8136,food-8136,food,46.32,339
8137,electronics-8137,electronics,47.69,346
8138,clothing-8138,clothing,49.06,353
8139,books-8139,books,50.43,360
8140,home-8140,home,51.80,367
8141,toys-8141,toys,53.17,374
8142,food-8142,food,54.54,381
8143,electronics-8143,electronics,55.91,388
8144,clothing-8144,clothing,57.28,395
8145,books-8145,books,58.65,402
8146,home-8146,home,60.02,409
8147,toys-8147,toys,61.39,416
8148,food-8148,food,62.76,423
8149,electronics-8149,electronics,64.13,430
8150,clothing-8150,clothing,65.50,437
8151,books-8151,books,66.87,444
8152,home-8152,home,68.24,451
8153,toys-8153,toys,69.61,458
8154,food-8154,food,70.98,465
8155,electronics-8155,electronics,72.35,472
8156,clothing-8156,clothing,73.72,479
8157,books-8157,books,75.09,486
8158,home-8158,home,76.46,493
8159,toys-8159,toys,77.83,500
8160,food-8160,food,79.20,6
8161,electronics-8161,electronics,80.57,13
8162,clothing-8162,clothing,81.94,20
8163,books-8163,books,83.31,27
8164,home-8164,home,84.68,34
8165,toys-8165,toys,86.05,41
8166,food-8166,food,87.42,48
8167,electronics-8167,electronics,88.79,55
8168,clothing-8168,clothing,90.16,62
8169,books-8169,books,91.53,69
8170,home-8170,home,92.90,76
8171,toys-8171,toys,94.27,83
8172,food-8172,food,95.64,90
8173,electronics-8173,electronics,97.01,97
8174,clothing-8174,clothing,98.38,104
8175,books-8175,books,99.75,111
8176,home-8176,home,1.12,118
8177,toys-8177,toys,2.49,125
8178,food-8178,food,3.86,132
8179,electronics-8179,electronics,5.23,139
8180,clothing-8180,clothing,6.60,146
8181,books-8181,books,7.97,153
8182,home-8182,home,9.34,160
8183,toys-8183,toys,10.71,167
8184,food-8184,food,12.08,174
8185,electronics-8185,electronics,13.45,181
8186,clothing-8186,clothing,14.82,188
8187,books-8187,books,16.19,195
8188,home-8188,home,17.56,202
8189,toys-8189,toys,18.93,209
8190,food-8190,food,20.30,216
8191,electronics-8191,electronics,21.67,223
8192,clothing-8192,clothing,23.04,230
8193,books-8193,books,24.41,237
8194,home-8194,home,25.78,244
8195,toys-8195,toys,27.15,251
8196,food-8196,food,28.52,258
8197,electronics-8197,electronics,29.89,265
8198,clothing-8198,clothing,31.26,272
8199,books-8199,books,32.63,279
8200,home-8200,home,34.00,286
8201,toys-8201,toys,35.37,293
8202,food-8202,food,36.74,300
8203,electronics-8203,electronics,38.11,307
8204,clothing-8204,clothing,39.48,314
8205,books-8205,books,40.85,321
8206,home-8206,home,42.22,328
8207,toys-8207,toys,43.59,335
8208,food-8208,food,44.96,342
8209,electronics-8209,electronics,46.33,349
8210,clothing-8210,clothing,47.70,356
8211,books-8211,books,49.07,363
8212,home-8212,home,50.44,370
8213,toys-8213,toys,51.81,377
8214,food-8214,food,53.18,384
8215,electronics-8215,electronics,54.55,391
8216,clothing-8216,clothing,55.92,398
8217,books-8217,books,57.29,405
8218,home-8218,home,58.66,412
8219,toys-8219,toys,60.03,419
8220,food-8220,food,61.40,426
8221,electronics-8221,electronics,62.77,433
8222,clothing-8222,clothing,64.14,440
8223,books-8223,books,65.51,447
8224,home-8224,home,66.88,454
8225,toys-8225,toys,68.25,461
8226,food-8226,food,69.62,468
8227,electronics-8227,electronics,70.99,475
8228,clothing-8228,clothing,72.36,482
8229,books-8229,books,73.73,489
8230,home-8230,home,75.10,496
8231,toys-8231,toys,76.47,2
8232,food-8232,food,77.84,9
8233,electronics-8233,electronics,79.21,16
8234,clothing-8234,clothing,80.58,23
8235,books-8235,books,81.95,30
8236,home-8236,home,83.32,37
8237,toys-8237,toys,84.69,44
8238,food-8238,food,86.06,51
8239,electronics-8239,electronics,87.43,58
8240,clothing-8240,clothing,88.80,65
8241,books-8241,books,90.17,72
8242,home-8242,home,91.54,79
8243,toys-8243,toys,92.91,86
8244,food-8244,food,94.28,93
8245,electronics-8245,electronics,95.65,100
8246,clothing-8246,clothing,97.02,107
8247,books-8247,books,98.39,114
8248,home-8248,home,99.76,121
8249,toys-8249,toys,1.13,128
8250,food-8250,food,2.50,135
8251,electronics-8251,electronics,3.87,142
8252,clothing-8252,clothing,5.24,149
8253,books-8253,books,6.61,156
8254,home-8254,home,7.98,163
8255,toys-8255,toys,9.35,170
8256,food-8256,food,10.72,177
8257,electronics-8257,electronics,12.09,184
8258,clothing-8258,clothing,13.46,191
8259,books-8259,books,14.83,198
8260,home-8260,home,16.20,205
8261,toys-8261,toys,17.57,212
8262,food-8262,food,18.94,219
8263,electronics-8263,electronics,20.31,226
8264,clothing-8264,clothing,21.68,233
8265,books-8265,books,23.05,240
8266,home-8266,home,24.42,247
8267,toys-8267,toys,25.79,254
8268,food-8268,food,27.16,261
8269,electronics-8269,electronics,28.53,268
8270,clothing-8270,clothing,29.90,275
8271,books-8271,books,31.27,282
8272,home-8272,home,32.64,289
8273,toys-8273,toys,34.01,296
8274,food-8274,food,35.38,303
8275,electronics-8275,electronics,36.75,310
8276,clothing-8276,clothing,38.12,317
8277,books-8277,books,39.49,324
8278,home-8278,home,40.86,331
8279,toys-8279,toys,42.23,338
8280,food-8280,food,43.60,345
8281,electronics-8281,electronics,44.97,352
8282,clothing-8282,clothing,46.34,359
8283,books-8283,books,47.71,366
8284,home-8284,home,49.08,373
8285,toys-8285,toys,50.45,380
8286,food-8286,food,51.82,387
8287,electronics-8287,electronics,53.19,394
8288,clothing-8288,clothing,54.56,401
8289,books-8289,books,55.93,408
8290,home-8290,home,57.30,415
8291,toys-8291,toys,58.67,422
8292,food-8292,food,60.04,429
8293,electronics-8293,electronics,61.41,436
8294,clothing-8294,clothing,62.78,443
8295,books-8295,books,64.15,450
8296,home-8296,home,65.52,457
8297,toys-8297,toys,66.89,464
8298,food-8298,food,68.26,471
8299,electronics-8299,electronics,69.63,478
8300,clothing-8300,clothing,71.00,485
8301,books-8301,books,72.37,492
8302,home-8302,home,73.74,499
8303,toys-8303,toys,75.11,5
8304,food-8304,food,76.48,12
8305,electronics-8305,electronics,77.85,19
8306,clothing-8306,clothing,79.22,26
8307,books-8307,books,80.59,33
8308,home-8308,home,81.96,40
8309,toys-8309,toys,83.33,47
8310,food-8310,food,84.70,54
8311,electronics-8311,electronics,86.07,61
8312,clothing-8312,clothing,87.44,68
8313,books-8313,books,88.81,75
8314,home-8314,home,90.18,82
8315,toys-8315,toys,91.55,89
8316,food-8316,food,92.92,96
8317,electronics-8317,electronics,94.29,103
8318,clothing-8318,clothing,95.66,110
8319,books-8319,books,97.03,117
8320,home-8320,home,98.40,124
8321,toys-8321,toys,99.77,131
8322,food-8322,food,1.14,138
8323,electronics-8323,electronics,2.51,145
8324,clothing-8324,clothing,3.88,152
8325,books-8325,books,5.25,159
8326,home-8326,home,6.62,166
8327,toys-8327,toys,7.99,173
8328,food-8328,food,9.36,180
8329,electronics-8329,electronics,10.73,187
8330,clothing-8330,clothing,12.10,194
8331,books-8331,books,13.47,201
8332,home-8332,home,14.84,208
8333,toys-8333,toys,16.21,215
8334,food-8334,food,17.58,222
8335,electronics-8335,electronics,18.95,229
8336,clothing-8336,clothing,20.32,236
8337,books-8337,books,21.69,243
8338,home-8338,home,23.06,250
8339,toys-8339,toys,24.43,257
8340,food-8340,food,25.80,264
8341,electronics-8341,electronics,27.17,271
8342,clothing-8342,clothing,28.54,278
8343,books-8343,books,29.91,285
8344,home-8344,home,31.28,292
8345,toys-8345,toys,32.65,299
8346,food-8346,food,34.02,306
8347,electronics-8347,electronics,35.39,313
8348,clothing-8348,clothing,36.76,320
8349,books-8349,books,38.13,327
8350,home-8350,home,39.50,334
8351,toys-8351,toys,40.87,341
8352,food-8352,food,42.24,348
8353,electronics-8353,electronics,43.61,355
8354,clothing-8354,clothing,44.98,362
8355,books-8355,books,46.35,369
8356,home-8356,home,47.72,376
8357,toys-8357,toys,49.09,383
8358,food-8358,food,50.46,390
8359,electronics-8359,electronics,51.83,397
8360,clothing-8360,clothing,53.20,404
8361,books-8361,books,54.57,411
8362,home-8362,home,55.94,418
8363,toys-8363,toys,57.31,425
8364,food-8364,food,58.68,432
8365,electronics-8365,electronics,60.05,439
8366,clothing-8366,clothing,61.42,446
8367,books-8367,books,62.79,453
8368,home-8368,home,64.16,460
8369,toys-8369,toys,65.53,467
8370,food-8370,food,66.90,474
8371,electronics-8371,electronics,68.27,481
8372,clothing-8372,clothing,69.64,488
8373,books-8373,books,71.01,495
8374,home-8374,home,72.38,1
8375,toys-8375,toys,73.75,8
8376,food-8376,food,75.12,15
8377,electronics-8377,electronics,76.49,22
8378,clothing-8378,clothing,77.86,29
8379,books-8379,books,79.23,36
8380,home-8380,home,80.60,43
8381,toys-8381,toys,81.97,50
8382,food-8382,food,83.34,57
8383,electronics-8383,electronics,84.71,64
8384,clothing-8384,clothing,86.08,71
8385,books-8385,books,87.45,78
8386,home-8386,home,88.82,85
8387,toys-8387,toys,90.19,92
8388,food-8388,food,91.56,99
8389,electronics-8389,electronics,92.93,106
8390,clothing-8390,clothing,94.30,113
8391,books-8391,books,95.67,120
8392,home-8392,home,97.04,127
8393,toys-8393,toys,98.41,134
8394,food-8394,food,99.78,141
8395,electronics-8395,electronics,1.15,148
8396,clothing-8396,clothing,2.52,155
8397,books-8397,books,3.89,162
8398,home-8398,home,5.26,169
8399,toys-8399,toys,6.63,176
8400,food-8400,food,8.00,183
8401,electronics-8401,electronics,9.37,190
8402,clothing-8402,clothing,10.74,197
8403,books-8403,books,12.11,204
8404,home-8404,home,13.48,211
8405,toys-8405,toys,14.85,218
8406,food-8406,food,16.22,225
8407,electronics-8407,electronics,17.59,232
8408,clothing-8408,clothing,18.96,239
8409,books-8409,books,20.33,246
8410,home-8410,home,21.70,253
8411,toys-8411,toys,23.07,260
8412,food-8412,food,24.44,267
8413,electronics-8413,electronics,25.81,274
8414,clothing-8414,clothing,27.18,281
8415,books-8415,books,28.55,288
8416,home-8416,home,29.92,295
8417,toys-8417,toys,31.29,302
8418,food-8418,food,32.66,309
8419,electronics-8419,electronics,34.03,316
8420,clothing-8420,clothing,35.40,323
8421,books-8421,books,36.77,330
8422,home-8422,home,38.14,337
8423,toys-8423,toys,39.51,344
8424,food-8424,food,40.88,351
8425,electronics-8425,electronics,42.25,358
8426,clothing-8426,clothing,43.62,365
8427,books-8427,books,44.99,372
8428,home-8428,home,46.36,379
8429,toys-8429,toys,47.73,386
8430,food-8430,food,49.10,393
8431,electronics-8431,electronics,50.47,400
8432,clothing-8432,clothing,51.84,407
8433,books-8433,books,53.21,414
8434,home-8434,home,54.58,421
8435,toys-8435,toys,55.95,428
8436,food-8436,food,57.32,435
8437,electronics-8437,electronics,58.69,442
8438,clothing-8438,clothing,60.06,449
8439,books-8439,books,61.43,456
8440,home-8440,home,62.80,463
8441,toys-8441,toys,64.17,470
8442,food-8442,food,65.54,477
8443,electronics-8443,electronics,66.91,484
8444,clothing-8444,clothing,68.28,491
8445,books-8445,books,69.65,498
8446,home-8446,home,71.02,4
8447,toys-8447,toys,72.39,11
8448,food-8448,food,73.76,18
8449,electronics-8449,electronics,75.13,25
8450,clothing-8450,clothing,76.50,32
8451,books-8451,books,77.87,39
8452,home-8452,home,79.24,46
8453,toys-8453,toys,80.61,53
8454,food-8454,food,81.98,60
8455,electronics-8455,electronics,83.35,67
8456,clothing-8456,clothing,84.72,74
8457,books-8457,books,86.09,81
8458,home-8458,home,87.46,88
8459,toys-8459,toys,88.83,95
8460,food-8460,food,90.20,102
8461,electronics-8461,electronics,91.57,109
8462,clothing-8462,clothing,92.94,116
8463,books-8463,books,94.31,123
8464,home-8464,home,95.68,130
8465,toys-8465,toys,97.05,137
8466,food-8466,food,98.42,144
8467,electronics-8467,electronics,99.79,151
8468,clothing-8468,clothing,1.16,158
8469,books-8469,books,2.53,165
8470,home-8470,home,3.90,172
8471,toys-8471,toys,5.27,179
8472,food-8472,food,6.64,186
8473,electronics-8473,electronics,8.01,193
8474,clothing-8474,clothing,9.38,200
8475,books-8475,books,10.75,207
8476,home-8476,home,12.12,214
8477,toys-8477,toys,13.49,221
8478,food-8478,food,14.86,228
8479,electronics-8479,electronics,16.23,235
8480,clothing-8480,clothing,17.60,242
8481,books-8481,books,18.97,249
8482,home-8482,home,20.34,256
8483,toys-8483,toys,21.71,263
8484,food-8484,food,23.08,270
8485,electronics-8485,electronics,24.45,277
8486,clothing-8486,clothing,25.82,284
8487,books-8487,books,27.19,291
8488,home-8488,home,28.56,298
8489,toys-8489,toys,29.93,305
8490,food-8490,food,31.30,312
8491,electronics-8491,electronics,32.67,319
8492,clothing-8492,clothing,34.04,326
8493,books-8493,books,35.41,333
8494,home-8494,home,36.78,340
8495,toys-8495,toys,38.15,347
8496,food-8496,food,39.52,354
8497,electronics-8497,electronics,40.89,361
8498,clothing-8498,clothing,42.26,368
8499,books-8499,books,43.63,375
8500,home-8500,home,45.00,382
8501,toys-8501,toys,46.37,389
8502,food-8502,food,47.74,396
8503,electronics-8503,electronics,49.11,403
8504,clothing-8504,clothing,50.48,410
8505,books-8505,books,51.85,417
8506,home-8506,home,53.22,424
8507,toys-8507,toys,54.59,431
8508,food-8508,food,55.96,438
8509,electronics-8509,electronics,57.33,445
8510,clothing-8510,clothing,58.70,452
8511,books-8511,books,60.07,459
8512,home-8512,home,61.44,466
8513,toys-8513,toys,62.81,473
8514,food-8514,food,64.18,480
8515,electronics-8515,electronics,65.55,487
8516,clothing-8516,clothing,66.92,494
8517,books-8517,books,68.29,0
8518,home-8518,home,69.66,7
8519,toys-8519,toys,71.03,14
8520,food-8520,food,72.40,21
8521,electronics-8521,electronics,73.77,28
8522,clothing-8522,clothing,75.14,35
8523,books-8523,books,76.51,42
8524,home-8524,home,77.88,49
8525,toys-8525,toys,79.25,56
8526,food-8526,food,80.62,63
8527,electronics-8527,electronics,81.99,70
8528,clothing-8528,clothing,83.36,77
8529,books-8529,books,84.73,84
8530,home-8530,home,86.10,91
8531,toys-8531,toys,87.47,98
8532,food-8532,food,88.84,105
8533,electronics-8533,electronics,90.21,112
8534,clothing-8534,clothing,91.58,119
8535,books-8535,books,92.95,126
8536,home-8536,home,94.32,133
8537,toys-8537,toys,95.69,140
8538,food-8538,food,97.06,147
8539,electronics-8539,electronics,98.43,154
8540,clothing-8540,clothing,99.80,161
8541,books-8541,books,1.17,168
8542,home-8542,home,2.54,175
8543,toys-8543,toys,3.91,182
8544,food-8544,food,5.28,189
8545,electronics-8545,electronics,6.65,196
8546,clothing-8546,clothing,8.02,203
8547,books-8547,books,9.39,210
8548,home-8548,home,10.76,217
8549,toys-8549,toys,12.13,224
8550,food-8550,food,13.50,231
8551,electronics-8551,electronics,14.87,238
8552,clothing-8552,clothing,16.24,245
8553,books-8553,books,17.61,252
8554,home-8554,home,18.98,259
8555,toys-8555,toys,20.35,266
8556,food-8556,food,21.72,273
8557,electronics-8557,electronics,23.09,280
8558,clothing-8558,clothing,24.46,287
8559,books-8559,books,25.83,294
8560,home-8560,home,27.20,301
8561,toys-8561,toys,28.57,308
8562,food-8562,food,29.94,315
8563,electronics-8563,electronics,31.31,322
8564,clothing-8564,clothing,32.68,329
8565,books-8565,books,34.05,336
8566,home-8566,home,35.42,343
8567,toys-8567,toys,36.79,350
8568,food-8568,food,38.16,357
8569,electronics-8569,electronics,39.53,364
8570,clothing-8570,clothing,40.90,371
8571,books-8571,books,42.27,378
8572,home-8572,home,43.64,385
8573,toys-8573,toys,45.01,392
8574,food-8574,food,46.38,399
8575,electronics-8575,electronics,47.75,406
8576,clothing-8576,clothing,49.12,413
8577,books-8577,books,50.49,420
8578,home-8578,home,51.86,427
8579,toys-8579,toys,53.23,434
8580,food-8580,food,54.60,441
8581,electronics-8581,electronics,55.97,448
8582,clothing-8582,clothing,57.34,455
8583,books-8583,books,58.71,462
8584,home-8584,home,60.08,469
8585,toys-8585,toys,61.45,476
8586,food-8586,food,62.82,483
8587,electronics-8587,electronics,64.19,490
8588,clothing-8588,clothing,65.56,497
8589,books-8589,books,66.93,3
8590,home-8590,home,68.30,10
8591,toys-8591,toys,69.67,17
8592,food-8592,food,71.04,24
8593,electronics-8593,electronics,72.41,31
8594,clothing-8594,clothing,73.78,38
8595,books-8595,books,75.15,45
8596,home-8596,home,76.52,52
8597,toys-8597,toys,77.89,59
8598,food-8598,food,79.26,66
8599,electronics-8599,electronics,80.63,73
8600,clothing-8600,clothing,82.00,80
8601,books-8601,books,83.37,87
8602,home-8602,home,84.74,94
8603,toys-8603,toys,86.11,101
8604,food-8604,food,87.48,108
8605,electronics-8605,electronics,88.85,115
8606,clothing-8606,clothing,90.22,122
8607,books-8607,books,91.59,129
8608,home-8608,home,92.96,136
8609,toys-8609,toys,94.33,143
8610,food-8610,food,95.70,150
8611,electronics-8611,electronics,97.07,157
8612,clothing-8612,clothing,98.44,164
8613,books-8613,books,99.81,171
8614,home-8614,home,1.18,178
8615,toys-8615,toys,2.55,185
8616,food-8616,food,3.92,192
8617,electronics-8617,electronics,5.29,199
8618,clothing-8618,clothing,6.66,206
8619,books-8619,books,8.03,213
8620,home-8620,home,9.40,220
8621,toys-8621,toys,10.77,227
8622,food-8622,food,12.14,234
8623,electronics-8623,electronics,13.51,241
8624,clothing-8624,clothing,14.88,248
8625,books-8625,books,16.25,255
8626,home-8626,home,17.62,262
8627,toys-8627,toys,18.99,269
8628,food-8628,food,20.36,276
8629,electronics-8629,electronics,21.73,283
8630,clothing-8630,clothing,23.10,290
8631,books-8631,books,24.47,297
8632,home-8632,home,25.84,304
8633,toys-8633,toys,27.21,311
8634,food-8634,food,28.58,318
8635,electronics-8635,electronics,29.95,325
8636,clothing-8636,clothing,31.32,332
8637,books-8637,books,32.69,339
8638,home-8638,home,34.06,346
8639,toys-8639,toys,35.43,353
8640,food-8640,food,36.80,360
8641,electronics-8641,electronics,38.17,367
8642,clothing-8642,clothing,39.54,374
8643,books-8643,books,40.91,381
8644,home-8644,home,42.28,388
8645,toys-8645,toys,43.65,395
8646,food-8646,food,45.02,402
8647,electronics-8647,electronics,46.39,409
8648,clothing-8648,clothing,47.76,416
8649,books-8649,books,49.13,423
8650,home-8650,home,50.50,430
8651,toys-8651,toys,51.87,437
8652,food-8652,food,53.24,444
8653,electronics-8653,electronics,54.61,451
8654,clothing-8654,clothing,55.98,458
8655,books-8655,books,57.35,465
8656,home-8656,home,58.72,472
8657,toys-8657,toys,60.09,479
8658,food-8658,food,61.46,486
8659,electronics-8659,electronics,62.83,493
8660,clothing-8660,clothing,64.20,500
8661,books-8661,books,65.57,6
8662,home-8662,home,66.94,13
8663,toys-8663,toys,68.31,20
8664,food-8664,food,69.68,27
8665,electronics-8665,electronics,71.05,34
8666,clothing-8666,clothing,72.42,41
8667,books-8667,books,73.79,48
8668,home-8668,home,75.16,55
8669,toys-8669,toys,76.53,62
8670,food-8670,food,77.90,69
8671,electronics-8671,electronics,79.27,76
8672,clothing-8672,clothing,80.64,83
8673,books-8673,books,82.01,90
8674,home-8674,home,83.38,97
8675,toys-8675,toys,84.75,104
8676,food-8676,food,86.12,111
8677,electronics-8677,electronics,87.49,118
8678,clothing-8678,clothing,88.86,125
8679,books-8679,books,90.23,132
8680,home-8680,home,91.60,139
8681,toys-8681,toys,92.97,146
8682,food-8682,food,94.34,153
8683,electronics-8683,electronics,95.71,160
8684,clothing-8684,clothing,97.08,167
8685,books-8685,books,98.45,174
8686,home-8686,home,99.82,181
8687,toys-8687,toys,1.19,188
8688,food-8688,food,2.56,195
8689,electronics-8689,electronics,3.93,202
8690,clothing-8690,clothing,5.30,209
8691,books-8691,books,6.67,216
8692,home-8692,home,8.04,223
8693,toys-8693,toys,9.41,230
8694,food-8694,food,10.78,237
8695,electronics-8695,electronics,12.15,244
8696,clothing-8696,clothing,13.52,251
8697,books-8697,books,14.89,258
8698,home-8698,home,16.26,265
8699,toys-8699,toys,17.63,272
8700,food-8700,food,19.00,279
8701,electronics-8701,electronics,20.37,286
8702,clothing-8702,clothing,21.74,293
8703,books-8703,books,23.11,300
8704,home-8704,home,24.48,307
8705,toys-8705,toys,25.85,314
8706,food-8706,food,27.22,321
8707,electronics-8707,electronics,28.59,328
8708,clothing-8708,clothing,29.96,335
8709,books-8709,books,31.33,342
8710,home-8710,home,32.70,349
8711,toys-8711,toys,34.07,356
8712,food-8712,food,35.44,363
8713,electronics-8713,electronics,36.81,370
8714,clothing-8714,clothing,38.18,377
8715,books-8715,books,39.55,384
8716,home-8716,home,40.92,391
8717,toys-8717,toys,42.29,398
8718,food-8718,food,43.66,405
8719,electronics-8719,electronics,45.03,412
8720,clothing-8720,clothing,46.40,419
8721,books-8721,books,47.77,426
8722,home-8722,home,49.14,433
8723,toys-8723,toys,50.51,440
8724,food-8724,food,51.88,447
8725,electronics-8725,electronics,53.25,454
8726,clothing-8726,clothing,54.62,461
8727,books-8727,books,55.99,468
8728,home-8728,home,57.36,475
8729,toys-8729,toys,58.73,482
8730,food-8730,food,60.10,489
8731,electronics-8731,electronics,61.47,496
8732,clothing-8732,clothing,62.84,2
8733,books-8733,books,64.21,9
8734,home-8734,home,65.58,16
8735,toys-8735,toys,66.95,23
8736,food-8736,food,68.32,30
8737,electronics-8737,electronics,69.69,37
8738,clothing-8738,clothing,71.06,44
8739,books-8739,books,72.43,51
8740,home-8740,home,73.80,58
8741,toys-8741,toys,75.17,65
8742,food-8742,food,76.54,72
8743,electronics-8743,electronics,77.91,79
8744,clothing-8744,clothing,79.28,86
8745,books-8745,books,80.65,93
8746,home-8746,home,82.02,100
8747,toys-8747,toys,83.39,107
8748,food-8748,food,84.76,114
8749,electronics-8749,electronics,86.13,121
8750,clothing-8750,clothing,87.50,128
8751,books-8751,books,88.87,135
8752,home-8752,home,90.24,142
8753,toys-8753,toys,91.61,149
8754,food-8754,food,92.98,156
8755,electronics-8755,electronics,94.35,163
8756,clothing-8756,clothing,95.72,170
8757,books-8757,books,97.09,177
8758,home-8758,home,98.46,184
8759,toys-8759,toys,99.83,191
8760,food-8760,food,1.20,198
8761,electronics-8761,electronics,2.57,205
8762,clothing-8762,clothing,3.94,212
8763,books-8763,books,5.31,219
8764,home-8764,home,6.68,226
8765,toys-8765,toys,8.05,233
8766,food-8766,food,9.42,240
8767,electronics-8767,electronics,10.79,247
8768,clothing-8768,clothing,12.16,254
8769,books-8769,books,13.53,261
8770,home-8770,home,14.90,268
8771,toys-8771,toys,16.27,275
8772,food-8772,food,17.64,282
8773,electronics-8773,electronics,19.01,289
8774,clothing-8774,clothing,20.38,296
8775,books-8775,books,21.75,303
8776,home-8776,home,23.12,310
8777,toys-8777,toys,24.49,317
8778,food-8778,food,25.86,324
8779,electronics-8779,electronics,27.23,331
8780,clothing-8780,clothing,28.60,338
8781,books-8781,books,29.97,345
8782,home-8782,home,31.34,352
8783,toys-8783,toys,32.71,359
8784,food-8784,food,34.08,366
8785,electronics-8785,electronics,35.45,373
8786,clothing-8786,clothing,36.82,380
8787,books-8787,books,38.19,387
8788,home-8788,home,39.56,394
8789,toys-8789,toys,40.93,401
8790,food-8790,food,42.30,408
8791,electronics-8791,electronics,43.67,415
8792,clothing-8792,clothing,45.04,422
8793,books-8793,books,46.41,429
8794,home-8794,home,47.78,436
8795,toys-8795,toys,49.15,443
8796,food-8796,food,50.52,450
8797,electronics-8797,electronics,51.89,457
8798,clothing-8798,clothing,53.26,464
8799,books-8799,books,54.63,471
8800,home-8800,home,56.00,478
8801,toys-8801,toys,57.37,485
8802,food-8802,food,58.74,492
8803,electronics-8803,electronics,60.11,499
8804,clothing-8804,clothing,61.48,5
8805,books-8805,books,62.85,12
8806,home-8806,home,64.22,19
8807,toys-8807,toys,65.59,26
8808,food-8808,food,66.96,33
8809,electronics-8809,electronics,68.33,40
8810,clothing-8810,clothing,69.70,47
8811,books-8811,books,71.07,54
8812,home-8812,home,72.44,61
8813,toys-8813,toys,73.81,68
8814,food-8814,food,75.18,75
8815,electronics-8815,electronics,76.55,82
8816,clothing-8816,clothing,77.92,89
8817,books-8817,books,79.29,96
8818,home-8818,home,80.66,103
8819,toys-8819,toys,82.03,110
8820,food-8820,food,83.40,117
8821,electronics-8821,electronics,84.77,124
8822,clothing-8822,clothing,86.14,131
8823,books-8823,books,87.51,138
8824,home-8824,home,88.88,145
8825,toys-8825,toys,90.25,152
8826,food-8826,food,91.62,159
8827,electronics-8827,electronics,92.99,166
8828,clothing-8828,clothing,94.36,173
8829,books-8829,books,95.73,180
8830,home-8830,home,97.10,187
8831,toys-8831,toys,98.47,194
8832,food-8832,food,99.84,201
8833,electronics-8833,electronics,1.21,208
8834,clothing-8834,clothing,2.58,215
8835,books-8835,books,3.95,222
8836,home-8836,home,5.32,229
8837,toys-8837,toys,6.69,236
8838,food-8838,food,8.06,243
8839,electronics-8839,electronics,9.43,250
8840,clothing-8840,clothing,10.80,257
8841,books-8841,books,12.17,264
8842,home-8842,home,13.54,271
8843,toys-8843,toys,14.91,278
8844,food-8844,food,16.28,285
8845,electronics-8845,electronics,17.65,292
8846,clothing-8846,clothing,19.02,299
8847,books-8847,books,20.39,306
8848,home-8848,home,21.76,313
8849,toys-8849,toys,23.13,320
8850,food-8850,food,24.50,327
8851,electronics-8851,electronics,25.87,334
8852,clothing-8852,clothing,27.24,341
8853,books-8853,books,28.61,348
8854,home-8854,home,29.98,355
8855,toys-8855,toys,31.35,362
8856,food-8856,food,32.72,369
8857,electronics-8857,electronics,34.09,376
8858,clothing-8858,clothing,35.46,383
8859,books-8859,books,36.83,390
8860,home-8860,home,38.20,397
8861,toys-8861,toys,39.57,404
8862,food-8862,food,40.94,411
8863,electronics-8863,electronics,42.31,418
8864,clothing-8864,clothing,43.68,425
8865,books-8865,books,45.05,432
8866,home-8866,home,46.42,439
8867,toys-8867,toys,47.79,446
8868,food-8868,food,49.16,453
8869,electronics-8869,electronics,50.53,460
8870,clothing-8870,clothing,51.90,467
8871,books-8871,books,53.27,474
8872,home-8872,home,54.64,481
8873,toys-8873,toys,56.01,488
8874,food-8874,food,57.38,495
8875,electronics-8875,electronics,58.75,1
8876,clothing-8876,clothing,60.12,8
8877,books-8877,books,61.49,15
8878,home-8878,home,62.86,22
8879,toys-8879,toys,64.23,29
8880,food-8880,food,65.60,36
8881,electronics-8881,electronics,66.97,43
8882,clothing-8882,clothing,68.34,50
8883,books-8883,books,69.71,57
8884,home-8884,home,71.08,64
8885,toys-8885,toys,72.45,71
8886,food-8886,food,73.82,78
8887,electronics-8887,electronics,75.19,85
8888,clothing-8888,clothing,76.56,92
8889,books-8889,books,77.93,99
8890,home-8890,home,79.30,106
8891,toys-8891,toys,80.67,113
8892,food-8892,food,82.04,120
8893,electronics-8893,electronics,83.41,127
8894,clothing-8894,clothing,84.78,134
8895,books-8895,books,86.15,141
8896,home-8896,home,87.52,148
8897,toys-8897,toys,88.89,155
8898,food-8898,food,90.26,162
8899,electronics-8899,electronics,91.63,169
8900,clothing-8900,clothing,93.00,176
8901,books-8901,books,94.37,183
8902,home-8902,home,95.74,190
8903,toys-8903,toys,97.11,197
8904,food-8904,food,98.48,204
8905,electronics-8905,electronics,99.85,211
8906,clothing-8906,clothing,1.22,218
8907,books-8907,books,2.59,225
8908,home-8908,home,3.96,232
8909,toys-8909,toys,5.33,239
8910,food-8910,food,6.70,246
8911,electronics-8911,electronics,8.07,253
8912,clothing-8912,clothing,9.44,260
8913,books-8913,books,10.81,267
8914,home-8914,home,12.18,274
8915,toys-8915,toys,13.55,281
8916,food-8916,food,14.92,288
8917,electronics-8917,electronics,16.29,295
8918,clothing-8918,clothing,17.66,302
8919,books-8919,books,19.03,309
8920,home-8920,home,20.40,316
8921,toys-8921,toys,21.77,323
8922,food-8922,food,23.14,330
8923,electronics-8923,electronics,24.51,337
8924,clothing-8924,clothing,25.88,344
8925,books-8925,books,27.25,351
8926,home-8926,home,28.62,358
8927,toys-8927,toys,29.99,365
8928,food-8928,food,31.36,372
8929,electronics-8929,electronics,32.73,379
8930,clothing-8930,clothing,34.10,386
8931,books-8931,books,35.47,393
8932,home-8932,home,36.84,400
8933,toys-8933,toys,38.21,407
8934,food-8934,food,39.58,414
8935,electronics-8935,electronics,40.95,421
8936,clothing-8936,clothing,42.32,428
8937,books-8937,books,43.69,435
8938,home-8938,home,45.06,442
8939,toys-8939,toys,46.43,449
8940,food-8940,food,47.80,456
8941,electronics-8941,electronics,49.17,463
8942,clothing-8942,clothing,50.54,470
8943,books-8943,books,51.91,477
8944,home-8944,home,53.28,484
8945,toys-8945,toys,54.65,491
8946,food-8946,food,56.02,498
8947,electronics-8947,electronics,57.39,4
8948,clothing-8948,clothing,58.76,11
8949,books-8949,books,60.13,18
8950,home-8950,home,61.50,25
8951,toys-8951,toys,62.87,32
8952,food-8952,food,64.24,39
8953,electronics-8953,electronics,65.61,46
8954,clothing-8954,clothing,66.98,53
8955,books-8955,books,68.35,60
8956,home-8956,home,69.72,67
8957,toys-8957,toys,71.09,74
8958,food-8958,food,72.46,81
8959,electronics-8959,electronics,73.83,88
8960,clothing-8960,clothing,75.20,95
8961,books-8961,books,76.57,102
8962,home-8962,home,77.94,109
8963,toys-8963,toys,79.31,116
8964,food-8964,food,80.68,123
8965,electronics-8965,electronics,82.05,130
8966,clothing-8966,clothing,83.42,137
8967,books-8967,books,84.79,144
8968,home-8968,home,86.16,151
8969,toys-8969,toys,87.53,158
8970,food-8970,food,88.90,165
8971,electronics-8971,electronics,90.27,172
8972,clothing-8972,clothing,91.64,179
8973,books-8973,books,93.01,186
8974,home-8974,home,94.38,193
8975,toys-8975,toys,95.75,200
8976,food-8976,food,97.12,207
8977,electronics-8977,electronics,98.49,214
8978,clothing-8978,clothing,99.86,221
8979,books-8979,books,1.23,228
8980,home-8980,home,2.60,235
8981,toys-8981,toys,3.97,242
8982,food-8982,food,5.34,249
8983,electronics-8983,electronics,6.71,256
8984,clothing-8984,clothing,8.08,263
8985,books-8985,books,9.45,270
8986,home-8986,home,10.82,277
8987,toys-8987,toys,12.19,284
8988,food-8988,food,13.56,291
8989,electronics-8989,electronics,14.93,298
8990,clothing-8990,clothing,16.30,305
8991,books-8991,books,17.67,312
8992,home-8992,home,19.04,319
8993,toys-8993,toys,20.41,326
8994,food-8994,food,21.78,333
8995,electronics-8995,electronics,23.15,340
8996,clothing-8996,clothing,24.52,347
8997,books-8997,books,25.89,354
8998,home-8998,home,27.26,361
8999,toys-8999,toys,28.63,368
9000,food-9000,food,30.00,375
9001,electronics-9001,electronics,31.37,382
9002,clothing-9002,clothing,32.74,389
9003,books-9003,books,34.11,396
9004,home-9004,home,35.48,403
9005,toys-9005,toys,36.85,410
9006,food-9006,food,38.22,417
9007,electronics-9007,electronics,39.59,424
9008,clothing-9008,clothing,40.96,431
9009,books-9009,books,42.33,438
9010,home-9010,home,43.70,445
9011,toys-9011,toys,45.07,452
9012,food-9012,food,46.44,459
9013,electronics-9013,electronics,47.81,466
9014,clothing-9014,clothing,49.18,473
9015,books-9015,books,50.55,480
9016,home-9016,home,51.92,487
9017,toys-9017,toys,53.29,494
9018,food-9018,food,54.66,0
9019,electronics-9019,electronics,56.03,7
9020,clothing-9020,clothing,57.40,14
9021,books-9021,books,58.77,21
9022,home-9022,home,60.14,28
9023,toys-9023,toys,61.51,35
9024,food-9024,food,62.88,42
9025,electronics-9025,electronics,64.25,49
9026,clothing-9026,clothing,65.62,56
9027,books-9027,books,66.99,63
9028,home-9028,home,68.36,70
9029,toys-9029,toys,69.73,77
9030,food-9030,food,71.10,84
9031,electronics-9031,electronics,72.47,91
9032,clothing-9032,clothing,73.84,98
9033,books-9033,books,75.21,105
9034,home-9034,home,76.58,112
9035,toys-9035,toys,77.95,119
9036,food-9036,food,79.32,126
9037,electronics-9037,electronics,80.69,133
9038,clothing-9038,clothing,82.06,140
9039,books-9039,books,83.43,147
9040,home-9040,home,84.80,154
9041,toys-9041,toys,86.17,161
9042,food-9042,food,87.54,168
9043,electronics-9043,electronics,88.91,175
9044,clothing-9044,clothing,90.28,182
9045,books-9045,books,91.65,189
9046,home-9046,home,93.02,196
9047,toys-9047,toys,94.39,203
9048,food-9048,food,95.76,210
9049,electronics-9049,electronics,97.13,217
9050,clothing-9050,clothing,98.50,224
9051,books-9051,books,99.87,231
9052,home-9052,home,1.24,238
9053,toys-9053,toys,2.61,245
9054,food-9054,food,3.98,252
9055,electronics-9055,electronics,5.35,259
9056,clothing-9056,clothing,6.72,266
9057,books-9057,books,8.09,273
9058,home-9058,home,9.46,280
9059,toys-9059,toys,10.83,287
9060,food-9060,food,12.20,294
9061,electronics-9061,electronics,13.57,301
9062,clothing-9062,clothing,14.94,308
9063,books-9063,books,16.31,315
9064,home-9064,home,17.68,322
9065,toys-9065,toys,19.05,329
9066,food-9066,food,20.42,336
9067,electronics-9067,electronics,21.79,343
9068,clothing-9068,clothing,23.16,350
9069,books-9069,books,24.53,357
9070,home-9070,home,25.90,364
9071,toys-9071,toys,27.27,371
9072,food-9072,food,28.64,378
9073,electronics-9073,electronics,30.01,385
9074,clothing-9074,clothing,31.38,392
9075,books-9075,books,32.75,399
9076,home-9076,home,34.12,406
9077,toys-9077,toys,35.49,413
9078,food-9078,food,36.86,420
9079,electronics-9079,electronics,38.23,427
9080,clothing-9080,clothing,39.60,434
9081,books-9081,books,40.97,441
9082,home-9082,home,42.34,448
9083,toys-9083,toys,43.71,455
9084,food-9084,food,45.08,462
9085,electronics-9085,electronics,46.45,469
9086,clothing-9086,clothing,47.82,476
9087,books-9087,books,49.19,483
9088,home-9088,home,50.56,490
9089,toys-9089,toys,51.93,497
9090,food-9090,food,53.30,3
9091,electronics-9091,electronics,54.67,10
9092,clothing-9092,clothing,56.04,17
9093,books-9093,books,57.41,24
9094,home-9094,home,58.78,31
9095,toys-9095,toys,60.15,38
9096,food-9096,food,61.52,45
9097,electronics-9097,electronics,62.89,52
9098,clothing-9098,clothing,64.26,59
9099,books-9099,books,65.63,66
9100,home-9100,home,67.00,73
9101,toys-9101,toys,68.37,80
9102,food-9102,food,69.74,87
9103,electronics-9103,electronics,71.11,94
9104,clothing-9104,clothing,72.48,101
9105,books-9105,books,73.85,108
9106,home-9106,home,75.22,115
9107,toys-9107,toys,76.59,122
9108,food-9108,food,77.96,129
9109,electronics-9109,electronics,79.33,136
9110,clothing-9110,clothing,80.70,143
9111,books-9111,books,82.07,150
9112,home-9112,home,83.44,157
9113,toys-9113,toys,84.81,164
9114,food-9114,food,86.18,171
9115,electronics-9115,electronics,87.55,178
9116,clothing-9116,clothing,88.92,185
9117,books-9117,books,90.29,192
9118,home-9118,home,91.66,199
9119,toys-9119,toys,93.03,206
9120,food-9120,food,94.40,213
9121,electronics-9121,electronics,95.77,220
9122,clothing-9122,clothing,97.14,227
9123,books-9123,books,98.51,234
9124,home-9124,home,99.88,241
9125,toys-9125,toys,1.25,248
9126,food-9126,food,2.62,255
9127,electronics-9127,electronics,3.99,262
9128,clothing-9128,clothing,5.36,269
9129,books-9129,books,6.73,276
9130,home-9130,home,8.10,283
9131,toys-9131,toys,9.47,290
9132,food-9132,food,10.84,297
9133,electronics-9133,electronics,12.21,304
9134,clothing-9134,clothing,13.58,311
9135,books-9135,books,14.95,318
9136,home-9136,home,16.32,325
9137,toys-9137,toys,17.69,332
9138,food-9138,food,19.06,339
9139,electronics-9139,electronics,20.43,346
9140,clothing-9140,clothing,21.80,353
9141,books-9141,books,23.17,360
9142,home-9142,home,24.54,367
9143,toys-9143,toys,25.91,374
9144,food-9144,food,27.28,381
9145,electronics-9145,electronics,28.65,388
9146,clothing-9146,clothing,30.02,395
9147,books-9147,books,31.39,402
9148,home-9148,home,32.76,409
9149,toys-9149,toys,34.13,416
9150,food-9150,food,35.50,423
9151,electronics-9151,electronics,36.87,430
9152,clothing-9152,clothing,38.24,437
9153,books-9153,books,39.61,444
9154,home-9154,home,40.98,451
9155,toys-9155,toys,42.35,458
9156,food-9156,food,43.72,465
9157,electronics-9157,electronics,45.09,472
9158,clothing-9158,clothing,46.46,479
9159,books-9159,books,47.83,486
9160,home-9160,home,49.20,493
9161,toys-9161,toys,50.57,500
9162,food-9162,food,51.94,6
9163,electronics-9163,electronics,53.31,13
9164,clothing-9164,clothing,54.68,20
9165,books-9165,books,56.05,27
9166,home-9166,home,57.42,34
9167,toys-9167,toys,58.79,41
9168,food-9168,food,60.16,48
9169,electronics-9169,electronics,61.53,55
9170,clothing-9170,clothing,62.90,62
9171,books-9171,books,64.27,69
9172,home-9172,home,65.64,76
9173,toys-9173,toys,67.01,83
9174,food-9174,food,68.38,90
9175,electronics-9175,electronics,69.75,97
9176,clothing-9176,clothing,71.12,104
9177,books-9177,books,72.49,111
9178,home-9178,home,73.86,118
9179,toys-9179,toys,75.23,125
9180,food-9180,food,76.60,132
9181,electronics-9181,electronics,77.97,139
9182,clothing-9182,clothing,79.34,146
9183,books-9183,books,80.71,153
9184,home-9184,home,82.08,160
9185,toys-9185,toys,83.45,167
9186,food-9186,food,84.82,174
9187,electronics-9187,electronics,86.19,181
9188,clothing-9188,clothing,87.56,188
9189,books-9189,books,88.93,195
9190,home-9190,home,90.30,202
9191,toys-9191,toys,91.67,209
9192,food-9192,food,93.04,216
9193,electronics-9193,electronics,94.41,223
9194,clothing-9194,clothing,95.78,230
9195,books-9195,books,97.15,237
9196,home-9196,home,98.52,244
9197,toys-9197,toys,99.89,251
9198,food-9198,food,1.26,258
9199,electronics-9199,electronics,2.63,265
9200,clothing-9200,clothing,4.00,272
9201,books-9201,books,5.37,279
9202,home-9202,home,6.74,286
9203,toys-9203,toys,8.11,293
9204,food-9204,food,9.48,300
9205,electronics-9205,electronics,10.85,307
9206,clothing-9206,clothing,12.22,314
9207,books-9207,books,13.59,321
9208,home-9208,home,14.96,328
9209,toys-9209,toys,16.33,335
9210,food-9210,food,17.70,342
9211,electronics-9211,electronics,19.07,349
9212,clothing-9212,clothing,20.44,356
9213,books-9213,books,21.81,363
9214,home-9214,home,23.18,370
9215,toys-9215,toys,24.55,377
9216,food-9216,food,25.92,384
9217,electronics-9217,electronics,27.29,391
9218,clothing-9218,clothing,28.66,398
9219,books-9219,books,30.03,405
9220,home-9220,home,31.40,412
9221,toys-9221,toys,32.77,419
9222,food-9222,food,34.14,426
9223,electronics-9223,electronics,35.51,433
9224,clothing-9224,clothing,36.88,440
9225,books-9225,books,38.25,447
9226,home-9226,home,39.62,454
9227,toys-9227,toys,40.99,461
9228,food-9228,food,42.36,468
9229,electronics-9229,electronics,43.73,475
9230,clothing-9230,clothing,45.10,482
9231,books-9231,books,46.47,489
9232,home-9232,home,47.84,496
9233,toys-9233,toys,49.21,2
9234,food-9234,food,50.58,9
9235,electronics-9235,electronics,51.95,16
9236,clothing-9236,clothing,53.32,23
9237,books-9237,books,54.69,30
9238,home-9238,home,56.06,37
9239,toys-9239,toys,57.43,44
9240,food-9240,food,58.80,51
9241,electronics-9241,electronics,60.17,58
9242,clothing-9242,clothing,61.54,65
9243,books-9243,books,62.91,72
9244,home-9244,home,64.28,79
9245,toys-9245,toys,65.65,86
9246,food-9246,food,67.02,93
9247,electronics-9247,electronics,68.39,100
9248,clothing-9248,clothing,69.76,107
9249,books-9249,books,71.13,114
9250,home-9250,home,72.50,121
9251,toys-9251,toys,73.87,128
9252,food-9252,food,75.24,135
9253,electronics-9253,electronics,76.61,142
9254,clothing-9254,clothing,77.98,149
9255,books-9255,books,79.35,156
9256,home-9256,home,80.72,163
9257,toys-9257,toys,82.09,170
9258,food-9258,food,83.46,177
9259,electronics-9259,electronics,84.83,184
9260,clothing-9260,clothing,86.20,191
9261,books-9261,books,87.57,198
9262,home-9262,home,88.94,205
9263,toys-9263,toys,90.31,212
9264,food-9264,food,91.68,219
9265,electronics-9265,electronics,93.05,226
9266,clothing-9266,clothing,94.42,233
9267,books-9267,books,95.79,240
9268,home-9268,home,97.16,247
9269,toys-9269,toys,98.53,254
9270,food-9270,food,99.90,261
9271,electronics-9271,electronics,1.27,268
9272,clothing-9272,clothing,2.64,275
9273,books-9273,books,4.01,282
9274,home-9274,home,5.38,289
9275,toys-9275,toys,6.75,296
9276,food-9276,food,8.12,303
9277,electronics-9277,electronics,9.49,310
9278,clothing-9278,clothing,10.86,317
9279,books-9279,books,12.23,324
9280,home-9280,home,13.60,331
9281,toys-9281,toys,14.97,338
9282,food-9282,food,16.34,345
9283,electronics-9283,electronics,17.71,352
9284,clothing-9284,clothing,19.08,359
9285,books-9285,books,20.45,366
9286,home-9286,home,21.82,373
9287,toys-9287,toys,23.19,380
9288,food-9288,food,24.56,387
9289,electronics-9289,electronics,25.93,394
9290,clothing-9290,clothing,27.30,401
9291,books-9291,books,28.67,408
9292,home-9292,home,30.04,415
9293,toys-9293,toys,31.41,422
9294,food-9294,food,32.78,429
9295,electronics-9295,electronics,34.15,436
9296,clothing-9296,clothing,35.52,443
9297,books-9297,books,36.89,450
9298,home-9298,home,38.26,457
9299,toys-9299,toys,39.63,464
9300,food-9300,food,41.00,471
9301,electronics-9301,electronics,42.37,478
9302,clothing-9302,clothing,43.74,485
9303,books-9303,books,45.11,492
9304,home-9304,home,46.48,499
9305,toys-9305,toys,47.85,5
9306,food-9306,food,49.22,12
9307,electronics-9307,electronics,50.59,19
9308,clothing-9308,clothing,51.96,26
9309,books-9309,books,53.33,33
9310,home-9310,home,54.70,40
9311,toys-9311,toys,56.07,47
9312,food-9312,food,57.44,54
9313,electronics-9313,electronics,58.81,61
9314,clothing-9314,clothing,60.18,68
9315,books-9315,books,61.55,75
9316,home-9316,home,62.92,82
9317,toys-9317,toys,64.29,89
9318,food-9318,food,65.66,96
9319,electronics-9319,electronics,67.03,103
9320,clothing-9320,clothing,68.40,110
9321,books-9321,books,69.77,117
9322,home-9322,home,71.14,124
9323,toys-9323,toys,72.51,131
9324,food-9324,food,73.88,138
9325,electronics-9325,electronics,75.25,145
9326,clothing-9326,clothing,76.62,152
9327,books-9327,books,77.99,159
9328,home-9328,home,79.36,166
9329,toys-9329,toys,80.73,173
9330,food-9330,food,82.10,180
9331,electronics-9331,electronics,83.47,187
9332,clothing-9332,clothing,84.84,194
9333,books-9333,books,86.21,201
9334,home-9334,home,87.58,208
9335,toys-9335,toys,88.95,215
9336,food-9336,food,90.32,222
9337,electronics-9337,electronics,91.69,229
9338,clothing-9338,clothing,93.06,236
9339,books-9339,books,94.43,243
9340,home-9340,home,95.80,250
9341,toys-9341,toys,97.17,257
9342,food-9342,food,98.54,264
9343,electronics-9343,electronics,99.91,271
9344,clothing-9344,clothing,1.28,278
9345,books-9345,books,2.65,285
9346,home-9346,home,4.02,292
9347,toys-9347,toys,5.39,299
9348,food-9348,food,6.76,306
9349,electronics-9349,electronics,8.13,313
9350,clothing-9350,clothing,9.50,320
9351,books-9351,books,10.87,327
9352,home-9352,home,12.24,334
9353,toys-9353,toys,13.61,341
9354,food-9354,food,14.98,348
9355,electronics-9355,electronics,16.35,355
9356,clothing-9356,clothing,17.72,362
9357,books-9357,books,19.09,369
9358,home-9358,home,20.46,376
9359,toys-9359,toys,21.83,383
9360,food-9360,food,23.20,390
9361,electronics-9361,electronics,24.57,397
9362,clothing-9362,clothing,25.94,404
9363,books-9363,books,27.31,411
9364,home-9364,home,28.68,418
9365,toys-9365,toys,30.05,425
9366,food-9366,food,31.42,432
9367,electronics-9367,electronics,32.79,439
9368,clothing-9368,clothing,34.16,446
9369,books-9369,books,35.53,453
9370,home-9370,home,36.90,460
9371,toys-9371,toys,38.27,467
9372,food-9372,food,39.64,474
9373,electronics-9373,electronics,41.01,481
9374,clothing-9374,clothing,42.38,488
9375,books-9375,books,43.75,495
9376,home-9376,home,45.12,1
9377,toys-9377,toys,46.49,8
9378,food-9378,food,47.86,15
9379,electronics-9379,electronics,49.23,22
9380,clothing-9380,clothing,50.60,29
9381,books-9381,books,51.97,36
9382,home-9382,home,53.34,43
9383,toys-9383,toys,54.71,50
9384,food-9384,food,56.08,57
9385,electronics-9385,electronics,57.45,64
9386,clothing-9386,clothing,58.82,71
9387,books-9387,books,60.19,78
9388,home-9388,home,61.56,85
9389,toys-9389,toys,62.93,92
9390,food-9390,food,64.30,99
9391,electronics-9391,electronics,65.67,106
9392,clothing-9392,clothing,67.04,113
9393,books-9393,books,68.41,120
9394,home-9394,home,69.78,127
9395,toys-9395,toys,71.15,134
9396,food-9396,food,72.52,141
9397,electronics-9397,electronics,73.89,148
9398,clothing-9398,clothing,75.26,155
9399,books-9399,books,76.63,162
9400,home-9400,home,78.00,169
9401,toys-9401,toys,79.37,176
9402,food-9402,food,80.74,183
9403,electronics-9403,electronics,82.11,190
9404,clothing-9404,clothing,83.48,197
9405,books-9405,books,84.85,204
9406,home-9406,home,86.22,211
9407,toys-9407,toys,87.59,218
9408,food-9408,food,88.96,225
9409,electronics-9409,electronics,90.33,232
9410,clothing-9410,clothing,91.70,239
9411,books-9411,books,93.07,246
9412,home-9412,home,94.44,253
9413,toys-9413,toys,95.81,260
9414,food-9414,food,97.18,267
9415,electronics-9415,electronics,98.55,274
9416,clothing-9416,clothing,99.92,281
9417,books-9417,books,1.29,288
9418,home-9418,home,2.66,295
9419,toys-9419,toys,4.03,302
9420,food-9420,food,5.40,309
9421,electronics-9421,electronics,6.77,316
9422,clothing-9422,clothing,8.14,323
9423,books-9423,books,9.51,330
9424,home-9424,home,10.88,337
9425,toys-9425,toys,12.25,344
9426,food-9426,food,13.62,351
9427,electronics-9427,electronics,14.99,358
9428,clothing-9428,clothing,16.36,365
9429,books-9429,books,17.73,372
9430,home-9430,home,19.10,379
9431,toys-9431,toys,20.47,386
9432,food-9432,food,21.84,393
9433,electronics-9433,electronics,23.21,400
9434,clothing-9434,clothing,24.58,407
9435,books-9435,books,25.95,414
9436,home-9436,home,27.32,421
9437,toys-9437,toys,28.69,428
9438,food-9438,food,30.06,435
9439,electronics-9439,electronics,31.43,442
9440,clothing-9440,clothing,32.80,449
9441,books-9441,books,34.17,456
9442,home-9442,home,35.54,463
9443,toys-9443,toys,36.91,470
9444,food-9444,food,38.28,477
9445,electronics-9445,electronics,39.65,484
9446,clothing-9446,clothing,41.02,491
9447,books-9447,books,42.39,498
9448,home-9448,home,43.76,4
9449,toys-9449,toys,45.13,11
9450,food-9450,food,46.50,18
9451,electronics-9451,electronics,47.87,25
9452,clothing-9452,clothing,49.24,32
9453,books-9453,books,50.61,39
9454,home-9454,home,51.98,46
9455,toys-9455,toys,53.35,53
9456,food-9456,food,54.72,60
9457,electronics-9457,electronics,56.09,67
9458,clothing-9458,clothing,57.46,74
9459,books-9459,books,58.83,81
9460,home-9460,home,60.20,88
9461,toys-9461,toys,61.57,95
9462,food-9462,food,62.94,102
9463,electronics-9463,electronics,64.31,109
9464,clothing-9464,clothing,65.68,116
9465,books-9465,books,67.05,123
9466,home-9466,home,68.42,130
9467,toys-9467,toys,69.79,137
9468,food-9468,food,71.16,144
9469,electronics-9469,electronics,72.53,151
9470,clothing-9470,clothing,73.90,158
9471,books-9471,books,75.27,165
9472,home-9472,home,76.64,172
9473,toys-9473,toys,78.01,179
9474,food-9474,food,79.38,186
9475,electronics-9475,electronics,80.75,193
9476,clothing-9476,clothing,82.12,200
9477,books-9477,books,83.49,207
9478,home-9478,home,84.86,214
9479,toys-9479,toys,86.23,221
9480,food-9480,food,87.60,228
9481,electronics-9481,electronics,88.97,235
9482,clothing-9482,clothing,90.34,242
9483,books-9483,books,91.71,249
9484,home-9484,home,93.08,256
9485,toys-9485,toys,94.45,263
9486,food-9486,food,95.82,270
9487,electronics-9487,electronics,97.19,277
9488,clothing-9488,clothing,98.56,284
9489,books-9489,books,99.93,291
9490,home-9490,home,1.30,298
9491,toys-9491,toys,2.67,305
9492,food-9492,food,4.04,312
9493,electronics-9493,electronics,5.41,319
9494,clothing-9494,clothing,6.78,326
9495,books-9495,books,8.15,333
9496,home-9496,home,9.52,340
9497,toys-9497,toys,10.89,347
9498,food-9498,food,12.26,354
9499,electronics-9499,electronics,13.63,361
9500,clothing-9500,clothing,15.00,368
9501,books-9501,books,16.37,375
9502,home-9502,home,17.74,382
9503,toys-9503,toys,19.11,389
9504,food-9504,food,20.48,396
9505,electronics-9505,electronics,21.85,403
9506,clothing-9506,clothing,23.22,410
9507,books-9507,books,24.59,417
9508,home-9508,home,25.96,424
9509,toys-9509,toys,27.33,431
9510,food-9510,food,28.70,438
9511,electronics-9511,electronics,30.07,445
9512,clothing-9512,clothing,31.44,452
9513,books-9513,books,32.81,459
9514,home-9514,home,34.18,466
9515,toys-9515,toys,35.55,473
9516,food-9516,food,36.92,480
9517,electronics-9517,electronics,38.29,487
9518,clothing-9518,clothing,39.66,494
9519,books-9519,books,41.03,0
9520,home-9520,home,42.40,7
9521,toys-9521,toys,43.77,14
9522,food-9522,food,45.14,21
9523,electronics-9523,electronics,46.51,28
9524,clothing-9524,clothing,47.88,35
9525,books-9525,books,49.25,42
9526,home-9526,home,50.62,49
9527,toys-9527,toys,51.99,56
9528,food-9528,food,53.36,63
9529,electronics-9529,electronics,54.73,70
9530,clothing-9530,clothing,56.10,77
9531,books-9531,books,57.47,84
9532,home-9532,home,58.84,91
9533,toys-9533,toys,60.21,98
9534,food-9534,food,61.58,105
9535,electronics-9535,electronics,62.95,112
9536,clothing-9536,clothing,64.32,119
9537,books-9537,books,65.69,126
9538,home-9538,home,67.06,133
9539,toys-9539,toys,68.43,140
9540,food-9540,food,69.80,147
9541,electronics-9541,electronics,71.17,154
9542,clothing-9542,clothing,72.54,161
9543,books-9543,books,73.91,168
9544,home-9544,home,75.28,175
9545,toys-9545,toys,76.65,182
9546,food-9546,food,78.02,189
9547,electronics-9547,electronics,79.39,196
9548,clothing-9548,clothing,80.76,203
9549,books-9549,books,82.13,210
9550,home-9550,home,83.50,217
9551,toys-9551,toys,84.87,224
9552,food-9552,food,86.24,231
9553,electronics-9553,electronics,87.61,238
9554,clothing-9554,clothing,88.98,245
9555,books-9555,books,90.35,252
9556,home-9556,home,91.72,259
9557,toys-9557,toys,93.09,266
9558,food-9558,food,94.46,273
9559,electronics-9559,electronics,95.83,280
9560,clothing-9560,clothing,97.20,287
9561,books-9561,books,98.57,294
9562,home-9562,home,99.94,301
9563,toys-9563,toys,1.31,308
9564,food-9564,food,2.68,315
9565,electronics-9565,electronics,4.05,322
9566,clothing-9566,clothing,5.42,329
9567,books-9567,books,6.79,336
9568,home-9568,home,8.16,343
9569,toys-9569,toys,9.53,350
9570,food-9570,food,10.90,357
9571,electronics-9571,electronics,12.27,364
9572,clothing-9572,clothing,13.64,371
9573,books-9573,books,15.01,378
9574,home-9574,home,16.38,385
9575,toys-9575,toys,17.75,392
9576,food-9576,food,19.12,399
9577,electronics-9577,electronics,20.49,406
9578,clothing-9578,clothing,21.86,413
9579,books-9579,books,23.23,420
9580,home-9580,home,24.60,427
9581,toys-9581,toys,25.97,434
9582,food-9582,food,27.34,441
9583,electronics-9583,electronics,28.71,448
9584,clothing-9584,clothing,30.08,455
9585,books-9585,books,31.45,462
9586,home-9586,home,32.82,469
9587,toys-9587,toys,34.19,476
9588,food-9588,food,35.56,483
9589,electronics-9589,electronics,36.93,490
9590,clothing-9590,clothing,38.30,497
9591,books-9591,books,39.67,3
9592,home-9592,home,41.04,10
9593,toys-9593,toys,42.41,17
9594,food-9594,food,43.78,24
9595,electronics-9595,electronics,45.15,31
9596,clothing-9596,clothing,46.52,38
9597,books-9597,books,47.89,45
9598,home-9598,home,49.26,52
9599,toys-9599,toys,50.63,59
9600,food-9600,food,52.00,66
9601,electronics-9601,electronics,53.37,73
9602,clothing-9602,clothing,54.74,80
9603,books-9603,books,56.11,87
9604,home-9604,home,57.48,94
9605,toys-9605,toys,58.85,101
9606,food-9606,food,60.22,108
9607,electronics-9607,electronics,61.59,115
9608,clothing-9608,clothing,62.96,122
9609,books-9609,books,64.33,129
9610,home-9610,home,65.70,136
9611,toys-9611,toys,67.07,143
9612,food-9612,food,68.44,150
9613,electronics-9613,electronics,69.81,157
9614,clothing-9614,clothing,71.18,164
9615,books-9615,books,72.55,171
9616,home-9616,home,73.92,178
9617,toys-9617,toys,75.29,185
9618,food-9618,food,76.66,192
9619,electronics-9619,electronics,78.03,199
9620,clothing-9620,clothing,79.40,206
9621,books-9621,books,80.77,213
9622,home-9622,home,82.14,220
9623,toys-9623,toys,83.51,227
9624,food-9624,food,84.88,234
9625,electronics-9625,electronics,86.25,241
9626,clothing-9626,clothing,87.62,248
9627,books-9627,books,88.99,255
9628,home-9628,home,90.36,262
9629,toys-9629,toys,91.73,269
9630,food-9630,food,93.10,276
9631,electronics-9631,electronics,94.47,283
9632,clothing-9632,clothing,95.84,290
9633,books-9633,books,97.21,297
9634,home-9634,home,98.58,304
9635,toys-9635,toys,99.95,311
9636,food-9636,food,1.32,318
9637,electronics-9637,electronics,2.69,325
9638,clothing-9638,clothing,4.06,332
9639,books-9639,books,5.43,339
9640,home-9640,home,6.80,346
9641,toys-9641,toys,8.17,353
9642,food-9642,food,9.54,360
9643,electronics-9643,electronics,10.91,367
9644,clothing-9644,clothing,12.28,374
9645,books-9645,books,13.65,381
9646,home-9646,home,15.02,388
9647,toys-9647,toys,16.39,395
9648,food-9648,food,17.76,402
9649,electronics-9649,electronics,19.13,409
9650,clothing-9650,clothing,20.50,416
9651,books-9651,books,21.87,423
9652,home-9652,home,23.24,430
9653,toys-9653,toys,24.61,437
9654,food-9654,food,25.98,444
9655,electronics-9655,electronics,27.35,451
9656,clothing-9656,clothing,28.72,458
9657,books-9657,books,30.09,465
9658,home-9658,home,31.46,472
9659,toys-9659,toys,32.83,479
9660,food-9660,food,34.20,486
9661,electronics-9661,electronics,35.57,493
9662,clothing-9662,clothing,36.94,500
9663,books-9663,books,38.31,6
9664,home-9664,home,39.68,13
9665,toys-9665,toys,41.05,20
9666,food-9666,food,42.42,27
9667,electronics-9667,electronics,43.79,34
9668,clothing-9668,clothing,45.16,41
9669,books-9669,books,46.53,48
9670,home-9670,home,47.90,55
9671,toys-9671,toys,49.27,62
9672,food-9672,food,50.64,69
9673,electronics-9673,electronics,52.01,76
9674,clothing-9674,clothing,53.38,83
9675,books-9675,books,54.75,90
9676,home-9676,home,56.12,97
9677,toys-9677,toys,57.49,104
9678,food-9678,food,58.86,111
9679,electronics-9679,electronics,60.23,118
9680,clothing-9680,clothing,61.60,125
9681,books-9681,books,62.97,132
9682,home-9682,home,64.34,139
9683,toys-9683,toys,65.71,146
9684,food-9684,food,67.08,153
9685,electronics-9685,electronics,68.45,160
9686,clothing-9686,clothing,69.82,167
9687,books-9687,books,71.19,174
9688,home-9688,home,72.56,181
9689,toys-9689,toys,73.93,188
9690,food-9690,food,75.30,195
9691,electronics-9691,electronics,76.67,202
9692,clothing-9692,clothing,78.04,209
9693,books-9693,books,79.41,216
9694,home-9694,home,80.78,223
9695,toys-9695,toys,82.15,230
9696,food-9696,food,83.52,237
9697,electronics-9697,electronics,84.89,244
9698,clothing-9698,clothing,86.26,251
9699,books-9699,books,87.63,258
9700,home-9700,home,89.00,265
9701,toys-9701,toys,90.37,272
9702,food-9702,food,91.74,279
9703,electronics-9703,electronics,93.11,286
9704,clothing-9704,clothing,94.48,293
9705,books-9705,books,95.85,300
9706,home-9706,home,97.22,307
9707,toys-9707,toys,98.59,314
9708,food-9708,food,99.96,321
9709,electronics-9709,electronics,1.33,328
9710,clothing-9710,clothing,2.70,335
9711,books-9711,books,4.07,342
9712,home-9712,home,5.44,349
9713,toys-9713,toys,6.81,356
9714,food-9714,food,8.18,363
9715,electronics-9715,electronics,9.55,370
9716,clothing-9716,clothing,10.92,377
9717,books-9717,books,12.29,384
9718,home-9718,home,13.66,391
9719,toys-9719,toys,15.03,398
9720,food-9720,food,16.40,405
9721,electronics-9721,electronics,17.77,412
9722,clothing-9722,clothing,19.14,419
9723,books-9723,books,20.51,426
9724,home-9724,home,21.88,433
9725,toys-9725,toys,23.25,440
9726,food-9726,food,24.62,447
9727,electronics-9727,electronics,25.99,454
9728,clothing-9728,clothing,27.36,461
9729,books-9729,books,28.73,468
9730,home-9730,home,30.10,475
9731,toys-9731,toys,31.47,482
9732,food-9732,food,32.84,489
9733,electronics-9733,electronics,34.21,496
9734,clothing-9734,clothing,35.58,2
9735,books-9735,books,36.95,9
9736,home-9736,home,38.32,16
9737,toys-9737,toys,39.69,23
9738,food-9738,food,41.06,30
9739,electronics-9739,electronics,42.43,37
9740,clothing-9740,clothing,43.80,44
9741,books-9741,books,45.17,51
9742,home-9742,home,46.54,58
9743,toys-9743,toys,47.91,65
9744,food-9744,food,49.28,72
9745,electronics-9745,electronics,50.65,79
9746,clothing-9746,clothing,52.02,86
9747,books-9747,books,53.39,93
9748,home-9748,home,54.76,100
9749,toys-9749,toys,56.13,107
9750,food-9750,food,57.50,114
9751,electronics-9751,electronics,58.87,121
9752,clothing-9752,clothing,60.24,128
9753,books-9753,books,61.61,135
9754,home-9754,home,62.98,142
9755,toys-9755,toys,64.35,149
9756,food-9756,food,65.72,156
9757,electronics-9757,electronics,67.09,163
9758,clothing-9758,clothing,68.46,170
9759,books-9759,books,69.83,177
9760,home-9760,home,71.20,184
9761,toys-9761,toys,72.57,191
9762,food-9762,food,73.94,198
9763,electronics-9763,electronics,75.31,205
9764,clothing-9764,clothing,76.68,212
9765,books-9765,books,78.05,219
9766,home-9766,home,79.42,226
9767,toys-9767,toys,80.79,233
9768,food-9768,food,82.16,240
9769,electronics-9769,electronics,83.53,247
9770,clothing-9770,clothing,84.90,254
9771,books-9771,books,86.27,261
9772,home-9772,home,87.64,268
9773,toys-9773,toys,89.01,275
9774,food-9774,food,90.38,282
9775,electronics-9775,electronics,91.75,289
9776,clothing-9776,clothing,93.12,296
9777,books-9777,books,94.49,303
9778,home-9778,home,95.86,310
9779,toys-9779,toys,97.23,317
9780,food-9780,food,98.60,324
9781,electronics-9781,electronics,99.97,331
9782,clothing-9782,clothing,1.34,338
9783,books-9783,books,2.71,345
9784,home-9784,home,4.08,352
9785,toys-9785,toys,5.45,359
9786,food-9786,food,6.82,366
9787,electronics-9787,electronics,8.19,373
9788,clothing-9788,clothing,9.56,380
9789,books-9789,books,10.93,387
9790,home-9790,home,12.30,394
9791,toys-9791,toys,13.67,401
9792,food-9792,food,15.04,408
9793,electronics-9793,electronics,16.41,415
9794,clothing-9794,clothing,17.78,422
9795,books-9795,books,19.15,429
9796,home-9796,home,20.52,436
9797,toys-9797,toys,21.89,443
9798,food-9798,food,23.26,450
9799,electronics-9799,electronics,24.63,457
9800,clothing-9800,clothing,26.00,464
9801,books-9801,books,27.37,471
9802,home-9802,home,28.74,478
9803,toys-9803,toys,30.11,485
9804,food-9804,food,31.48,492
9805,electronics-9805,electronics,32.85,499
9806,clothing-9806,clothing,34.22,5
9807,books-9807,books,35.59,12
9808,home-9808,home,36.96,19
9809,toys-9809,toys,38.33,26
9810,food-9810,food,39.70,33
9811,electronics-9811,electronics,41.07,40
9812,clothing-9812,clothing,42.44,47
9813,books-9813,books,43.81,54
9814,home-9814,home,45.18,61
9815,toys-9815,toys,46.55,68
9816,food-9816,food,47.92,75
9817,electronics-9817,electronics,49.29,82
9818,clothing-9818,clothing,50.66,89
9819,books-9819,books,52.03,96
9820,home-9820,home,53.40,103
9821,toys-9821,toys,54.77,110
9822,food-9822,food,56.14,117
9823,electronics-9823,electronics,57.51,124
9824,clothing-9824,clothing,58.88,131
9825,books-9825,books,60.25,138
9826,home-9826,home,61.62,145
9827,toys-9827,toys,62.99,152
9828,food-9828,food,64.36,159
9829,electronics-9829,electronics,65.73,166
9830,clothing-9830,clothing,67.10,173
9831,books-9831,books,68.47,180
9832,home-9832,home,69.84,187
9833,toys-9833,toys,71.21,194
9834,food-9834,food,72.58,201
9835,electronics-9835,electronics,73.95,208
9836,clothing-9836,clothing,75.32,215
9837,books-9837,books,76.69,222
9838,home-9838,home,78.06,229
9839,toys-9839,toys,79.43,236
9840,food-9840,food,80.80,243
9841,electronics-9841,electronics,82.17,250
9842,clothing-9842,clothing,83.54,257
9843,books-9843,books,84.91,264
9844,home-9844,home,86.28,271
9845,toys-9845,toys,87.65,278
9846,food-9846,food,89.02,285
9847,electronics-9847,electronics,90.39,292
9848,clothing-9848,clothing,91.76,299
9849,books-9849,books,93.13,306
9850,home-9850,home,94.50,313
9851,toys-9851,toys,95.87,320
9852,food-9852,food,97.24,327
9853,electronics-9853,electronics,98.61,334
9854,clothing-9854,clothing,99.98,341
9855,books-9855,books,1.35,348
9856,home-9856,home,2.72,355
9857,toys-9857,toys,4.09,362
9858,food-9858,food,5.46,369
9859,electronics-9859,electronics,6.83,376
9860,clothing-9860,clothing,8.20,383
9861,books-9861,books,9.57,390
9862,home-9862,home,10.94,397
9863,toys-9863,toys,12.31,404
9864,food-9864,food,13.68,411
9865,electronics-9865,electronics,15.05,418
9866,clothing-9866,clothing,16.42,425
9867,books-9867,books,17.79,432
9868,home-9868,home,19.16,439
9869,toys-9869,toys,20.53,446
9870,food-9870,food,21.90,453
9871,electronics-9871,electronics,23.27,460
9872,clothing-9872,clothing,24.64,467
9873,books-9873,books,26.01,474
9874,home-9874,home,27.38,481
9875,toys-9875,toys,28.75,488
9876,food-9876,food,30.12,495
9877,electronics-9877,electronics,31.49,1
9878,clothing-9878,clothing,32.86,8
9879,books-9879,books,34.23,15
9880,home-9880,home,35.60,22
9881,toys-9881,toys,36.97,29
9882,food-9882,food,38.34,36
9883,electronics-9883,electronics,39.71,43
9884,clothing-9884,clothing,41.08,50
9885,books-9885,books,42.45,57
9886,home-9886,home,43.82,64
9887,toys-9887,toys,45.19,71
9888,food-9888,food,46.56,78
9889,electronics-9889,electronics,47.93,85
9890,clothing-9890,clothing,49.30,92
9891,books-9891,books,50.67,99
9892,home-9892,home,52.04,106
9893,toys-9893,toys,53.41,113
9894,food-9894,food,54.78,120
9895,electronics-9895,electronics,56.15,127
9896,clothing-9896,clothing,57.52,134
9897,books-9897,books,58.89,141
9898,home-9898,home,60.26,148
9899,toys-9899,toys,61.63,155
9900,food-9900,food,63.00,162
9901,electronics-9901,electronics,64.37,169
9902,clothing-9902,clothing,65.74,176
9903,books-9903,books,67.11,183
9904,home-9904,home,68.48,190
9905,toys-9905,toys,69.85,197
9906,food-9906,food,71.22,204
9907,electronics-9907,electronics,72.59,211
9908,clothing-9908,clothing,73.96,218
9909,books-9909,books,75.33,225
9910,home-9910,home,76.70,232
9911,toys-9911,toys,78.07,239
9912,food-9912,food,79.44,246
9913,electronics-9913,electronics,80.81,253
9914,clothing-9914,clothing,82.18,260
9915,books-9915,books,83.55,267
9916,home-9916,home,84.92,274
9917,toys-9917,toys,86.29,281
9918,food-9918,food,87.66,288
9919,electronics-9919,electronics,89.03,295
9920,clothing-9920,clothing,90.40,302
9921,books-9921,books,91.77,309
9922,home-9922,home,93.14,316
9923,toys-9923,toys,94.51,323
9924,food-9924,food,95.88,330
9925,electronics-9925,electronics,97.25,337
9926,clothing-9926,clothing,98.62,344
9927,books-9927,books,99.99,351
9928,home-9928,home,1.36,358
9929,toys-9929,toys,2.73,365
9930,food-9930,food,4.10,372
9931,electronics-9931,electronics,5.47,379
9932,clothing-9932,clothing,6.84,386
9933,books-9933,books,8.21,393
9934,home-9934,home,9.58,400
9935,toys-9935,toys,10.95,407
9936,food-9936,food,12.32,414
9937,electronics-9937,electronics,13.69,421
9938,clothing-9938,clothing,15.06,428
9939,books-9939,books,16.43,435
9940,home-9940,home,17.80,442
9941,toys-9941,toys,19.17,449
9942,food-9942,food,20.54,456
9943,electronics-9943,electronics,21.91,463
9944,clothing-9944,clothing,23.28,470
9945,books-9945,books,24.65,477
9946,home-9946,home,26.02,484
9947,toys-9947,toys,27.39,491
9948,food-9948,food,28.76,498
9949,electronics-9949,electronics,30.13,4
9950,clothing-9950,clothing,31.50,11
9951,books-9951,books,32.87,18
9952,home-9952,home,34.24,25
9953,toys-9953,toys,35.61,32
9954,food-9954,food,36.98,39
9955,electronics-9955,electronics,38.35,46
9956,clothing-9956,clothing,39.72,53
9957,books-9957,books,41.09,60
9958,home-9958,home,42.46,67
9959,toys-9959,toys,43.83,74
9960,food-9960,food,45.20,81
9961,electronics-9961,electronics,46.57,88
9962,clothing-9962,clothing,47.94,95
9963,books-9963,books,49.31,102
9964,home-9964,home,50.68,109
9965,toys-9965,toys,52.05,116
9966,food-9966,food,53.42,123
9967,electronics-9967,electronics,54.79,130
9968,clothing-9968,clothing,56.16,137
9969,books-9969,books,57.53,144
9970,home-9970,home,58.90,151
9971,toys-9971,toys,60.27,158
9972,food-9972,food,61.64,165
9973,electronics-9973,electronics,63.01,172
9974,clothing-9974,clothing,64.38,179
9975,books-9975,books,65.75,186
9976,home-9976,home,67.12,193
9977,toys-9977,toys,68.49,200
9978,food-9978,food,69.86,207
9979,electronics-9979,electronics,71.23,214
9980,clothing-9980,clothing,72.60,221
9981,books-9981,books,73.97,228
9982,home-9982,home,75.34,235
9983,toys-9983,toys,76.71,242
9984,food-9984,food,78.08,249
9985,electronics-9985,electronics,79.45,256
9986,clothing-9986,clothing,80.82,263
9987,books-9987,books,82.19,270
9988,home-9988,home,83.56,277
9989,toys-9989,toys,84.93,284
9990,food-9990,food,86.30,291
9991,electronics-9991,electronics,87.67,298
9992,clothing-9992,clothing,89.04,305
9993,books-9993,books,90.41,312
9994,home-9994,home,91.78,319
9995,toys-9995,toys,93.15,326
9996,food-9996,food,94.52,333
9997,electronics-9997,electronics,95.89,340
9998,clothing-9998,clothing,97.26,347
9999,books-9999,books,98.63,354
10000,home-10000,home,0.00,361